--
-- Dumping data for table `authors`
--
LOCK TABLES `authors` WRITE;
INSERT INTO `authors` (`id`, `last_name`, `first_name`, `father_name`) VALUES (1,'Носов','Николай','');
INSERT INTO `authors` (`id`, `last_name`, `first_name`, `father_name`) VALUES (2,'Пушкин','Александр','Сергеевич');
INSERT INTO `authors` (`id`, `last_name`, `first_name`, `father_name`) VALUES (3,'де Сент-Экзюпери','Антуан','');
INSERT INTO `authors` (`id`, `last_name`, `first_name`, `father_name`) VALUES (4,'Айтматов','Чингиз','');
INSERT INTO `authors` (`id`, `last_name`, `first_name`, `father_name`) VALUES (5,'Набоков','Владимир','');
INSERT INTO `authors` (`id`, `last_name`, `first_name`, `father_name`) VALUES (6,'Быков','Василий','');
INSERT INTO `authors` (`id`, `last_name`, `first_name`, `father_name`) VALUES (7,'Чехов','Антон','Павлович');
INSERT INTO `authors` (`id`, `last_name`, `first_name`, `father_name`) VALUES (8,'Васильев','Борис','');
INSERT INTO `authors` (`id`, `last_name`, `first_name`, `father_name`) VALUES (9,'Райс','Андре','');
INSERT INTO `authors` (`id`, `last_name`, `first_name`, `father_name`) VALUES (10,'Бронте','Шарлотта','');
INSERT INTO `authors` (`id`, `last_name`, `first_name`, `father_name`) VALUES (11,'Уильямсон','Джек','');
INSERT INTO `authors` (`id`, `last_name`, `first_name`, `father_name`) VALUES (12,'Лассвиц','Курт','');
INSERT INTO `authors` (`id`, `last_name`, `first_name`, `father_name`) VALUES (13,'Тонсик','Ким','');
INSERT INTO `authors` (`id`, `last_name`, `first_name`, `father_name`) VALUES (14,'Нуждин','Андрей','');
INSERT INTO `authors` (`id`, `last_name`, `first_name`, `father_name`) VALUES (15,'Махавкин','Анатолий','');
INSERT INTO `authors` (`id`, `last_name`, `first_name`, `father_name`) VALUES (16,'Ли','Сергей','');
INSERT INTO `authors` (`id`, `last_name`, `first_name`, `father_name`) VALUES (17,'Ньюман','Питер','');
INSERT INTO `authors` (`id`, `last_name`, `first_name`, `father_name`) VALUES (18,'Куц','Сергей','');
INSERT INTO `authors` (`id`, `last_name`, `first_name`, `father_name`) VALUES (19,'Петерсен','Орсон','');
INSERT INTO `authors` (`id`, `last_name`, `first_name`, `father_name`) VALUES (20,'Марченко','Геннадий','');
INSERT INTO `authors` (`id`, `last_name`, `first_name`, `father_name`) VALUES (21,'Кау','Игер','');
INSERT INTO `authors` (`id`, `last_name`, `first_name`, `father_name`) VALUES (22,'Веркин','Эдуард','');
INSERT INTO `authors` (`id`, `last_name`, `first_name`, `father_name`) VALUES (23,'Флетчер  ','Джованна','');
INSERT INTO `authors` (`id`, `last_name`, `first_name`, `father_name`) VALUES (24,'Флетчер','Том','');
INSERT INTO `authors` (`id`, `last_name`, `first_name`, `father_name`) VALUES (25,'Петров','Захар','');
INSERT INTO `authors` (`id`, `last_name`, `first_name`, `father_name`) VALUES (26,'Поселягин','Владимир','');
INSERT INTO `authors` (`id`, `last_name`, `first_name`, `father_name`) VALUES (27,'Каменистый','Артем','');
INSERT INTO `authors` (`id`, `last_name`, `first_name`, `father_name`) VALUES (28,'Холодова ','Аля','');
INSERT INTO `authors` (`id`, `last_name`, `first_name`, `father_name`) VALUES (29,'Мишин','Виктор','');
INSERT INTO `authors` (`id`, `last_name`, `first_name`, `father_name`) VALUES (30,'Дашко','Дмитрий','');
INSERT INTO `authors` (`id`, `last_name`, `first_name`, `father_name`) VALUES (31,'Саймак','Клиффорд','');
INSERT INTO `authors` (`id`, `last_name`, `first_name`, `father_name`) VALUES (32,'Бир','Грег','');
INSERT INTO `authors` (`id`, `last_name`, `first_name`, `father_name`) VALUES (33,'Маханенко','Василий','');
INSERT INTO `authors` (`id`, `last_name`, `first_name`, `father_name`) VALUES (34,'Жульчик','Якуб','');
INSERT INTO `authors` (`id`, `last_name`, `first_name`, `father_name`) VALUES (35,'Коннелли','Майкл','');
INSERT INTO `authors` (`id`, `last_name`, `first_name`, `father_name`) VALUES (36,'Фаррелл','Мэттью','');
INSERT INTO `authors` (`id`, `last_name`, `first_name`, `father_name`) VALUES (37,'Дикин','Леона','');
INSERT INTO `authors` (`id`, `last_name`, `first_name`, `father_name`) VALUES (38,'Эллвуд',' Нуала','');
INSERT INTO `authors` (`id`, `last_name`, `first_name`, `father_name`) VALUES (39,'Ерёмин','Антон','');
INSERT INTO `authors` (`id`, `last_name`, `first_name`, `father_name`) VALUES (40,'Устинова','Татьяна','');
INSERT INTO `authors` (`id`, `last_name`, `first_name`, `father_name`) VALUES (41,'Астахов','Павел','');
INSERT INTO `authors` (`id`, `last_name`, `first_name`, `father_name`) VALUES (42,'Антонова','Наталия','');
INSERT INTO `authors` (`id`, `last_name`, `first_name`, `father_name`) VALUES (43,'Бочарова','Татьяна','');
INSERT INTO `authors` (`id`, `last_name`, `first_name`, `father_name`) VALUES (44,'Крауч','Блейк','');
INSERT INTO `authors` (`id`, `last_name`, `first_name`, `father_name`) VALUES (45,'Джайлс','Полетт','');
INSERT INTO `authors` (`id`, `last_name`, `first_name`, `father_name`) VALUES (46,'Корнуэлл','Бернард','');
INSERT INTO `authors` (`id`, `last_name`, `first_name`, `father_name`) VALUES (47,'Тронина','Татьяна','');
INSERT INTO `authors` (`id`, `last_name`, `first_name`, `father_name`) VALUES (48,'Мальцева','Виктория','');
INSERT INTO `authors` (`id`, `last_name`, `first_name`, `father_name`) VALUES (49,'Хантинг ','Елена','');
INSERT INTO `authors` (`id`, `last_name`, `first_name`, `father_name`) VALUES (50,'Ремарк','Эрих Мария','');
UNLOCK TABLES;

--
-- Dumping data for table `genres`
--
LOCK TABLES `genres` WRITE;
INSERT INTO `genres` (`id`, `name`) VALUES (9,'Детективы');
INSERT INTO `genres` (`id`, `name`) VALUES (1,'Детская');
INSERT INTO `genres` (`id`, `name`) VALUES (3,'Драма');
INSERT INTO `genres` (`id`, `name`) VALUES (5,'Классика');
INSERT INTO `genres` (`id`, `name`) VALUES (7,'Научная фантастика');
INSERT INTO `genres` (`id`, `name`) VALUES (2,'Приключения');
INSERT INTO `genres` (`id`, `name`) VALUES (10,'Романы');
INSERT INTO `genres` (`id`, `name`) VALUES (4,'Сказки');
INSERT INTO `genres` (`id`, `name`) VALUES (6,'Триллеры');
INSERT INTO `genres` (`id`, `name`) VALUES (8,'Фэнтези');
UNLOCK TABLES;

--
-- Dumping data for table `publishers`
--
LOCK TABLES `publishers` WRITE;
INSERT INTO `publishers` (`id`, `name`, `city`) VALUES (1,'Азбука-Аттикус','Москва');
INSERT INTO `publishers` (`id`, `name`, `city`) VALUES (2,'Просвещение - ОЛМА','Москва');
INSERT INTO `publishers` (`id`, `name`, `city`) VALUES (3,'Эксмо','Москва');
INSERT INTO `publishers` (`id`, `name`, `city`) VALUES (4,'АСТ','Москва');
INSERT INTO `publishers` (`id`, `name`, `city`) VALUES (5,'Азбука-классика','Москва');
INSERT INTO `publishers` (`id`, `name`, `city`) VALUES (6,'Вагриус','Москва');
INSERT INTO `publishers` (`id`, `name`, `city`) VALUES (7,'ЛитРес: Самиздат','Москва');
INSERT INTO `publishers` (`id`, `name`, `city`) VALUES (8,'ИД Северо-Запад','Санкт-Петербург');
INSERT INTO `publishers` (`id`, `name`, `city`) VALUES (9,'Центрполиграф','Москва');
INSERT INTO `publishers` (`id`, `name`, `city`) VALUES (10,'Альфа-книга','Москва');
UNLOCK TABLES;

--
-- Dumping data for table `types`
--
LOCK TABLES `types` WRITE;
INSERT INTO `types` (`id`, `name`) VALUES (1,'Книга');
UNLOCK TABLES;

--
-- Dumping data for table `halls`
--
LOCK TABLES `halls` WRITE;
INSERT INTO `halls` (`id`, `name`, `short_name`) VALUES (1,'Абонементный зал','Абонемент');
INSERT INTO `halls` (`id`, `name`, `short_name`) VALUES (2,'Читальный зал','Чит. зал');
UNLOCK TABLES;

--
-- Dumping data for table `roles`
--
LOCK TABLES `roles` WRITE;
INSERT INTO `roles` (`id`, `name`) VALUES (1,'ADMIN');
INSERT INTO `roles` (`id`, `name`) VALUES (2,'LIBRARIAN');
INSERT INTO `roles` (`id`, `name`) VALUES (3,'READER');
UNLOCK TABLES;

--
-- Dumping data for table `config`
--
LOCK TABLES `config` WRITE;
INSERT INTO `config` (`param_name`, `param_value`) VALUES ('days_of_issue','30');
INSERT INTO `config` (`param_name`, `param_value`) VALUES ('rental_price','0.5');
UNLOCK TABLES;

--
-- Dumping data for table `users`
--
LOCK TABLES `users` WRITE;
INSERT INTO `users` (`id`, `roles_id`, `nickname`, `password`, `email`, `last_name`, `first_name`, `father_name`, `birthday`, `gender`, `passport`, `address`, `phone`, `image`, `lock`) VALUES (1,1,'admin','$2a$10$1mJRhQFOHq68FaA5FW3LKu8NM.AtQ7nGJ4/W3UXbuHtlxPbj1Tv.C','rodny_kut@gmail.com','Степанов','Максим','Алексеевич','1988-12-20','M','MP3514604','г. Минск, ул. Аэродромная, д. 32, кв. 114','+375293847527','1.jpg',0);
INSERT INTO `users` (`id`, `roles_id`, `nickname`, `password`, `email`, `last_name`, `first_name`, `father_name`, `birthday`, `gender`, `passport`, `address`, `phone`, `image`, `lock`) VALUES (2,2,'bibl1','$2a$10$1mJRhQFOHq68FaA5FW3LKu8NM.AtQ7nGJ4/W3UXbuHtlxPbj1Tv.C','bibl1@gmail.com','Артюкевич','Арина','Ивановна','1986-03-15','F','MP3725091','г. Минск, ул Максима Богдановича., д. 135, кв. 119','+375296472594','2.jpg',0);
INSERT INTO `users` (`id`, `roles_id`, `nickname`, `password`, `email`, `last_name`, `first_name`, `father_name`, `birthday`, `gender`, `passport`, `address`, `phone`, `image`, `lock`) VALUES (3,2,'bibl2','$2a$10$1mJRhQFOHq68FaA5FW3LKu8NM.AtQ7nGJ4/W3UXbuHtlxPbj1Tv.C','bibl2@gmail.com','Юркова','Валерия','Олеговна','1991-06-24','F','HB2810637','г. Минск, ул.Олега Кошевого, д. 18, кв. 16','+375296847125','3.jpg',0);
INSERT INTO `users` (`id`, `roles_id`, `nickname`, `password`, `email`, `last_name`, `first_name`, `father_name`, `birthday`, `gender`, `passport`, `address`, `phone`, `image`, `lock`) VALUES (4,2,'bibl3','$2a$10$1mJRhQFOHq68FaA5FW3LKu8NM.AtQ7nGJ4/W3UXbuHtlxPbj1Tv.C','bibl3@gmail.com','Терещенко','Дарья','Руслановна','1975-09-12','F','MC2699219','г. Минск, ул. Гамарника, д. 20, кв. 202','+375296558724','4.jpg',0);
INSERT INTO `users` (`id`, `roles_id`, `nickname`, `password`, `email`, `last_name`, `first_name`, `father_name`, `birthday`, `gender`, `passport`, `address`, `phone`, `image`, `lock`) VALUES (5,2,'bibl4','$2a$10$1mJRhQFOHq68FaA5FW3LKu8NM.AtQ7nGJ4/W3UXbuHtlxPbj1Tv.C','bibl4@gmail.com','Попова','Елизавета','Дмитриевна','1995-07-11','F','MP3632636','г. Минск, пр. Победителей, д. 115, кв. 58','+375292598477','5.jpg',0);
INSERT INTO `users` (`id`, `roles_id`, `nickname`, `password`, `email`, `last_name`, `first_name`, `father_name`, `birthday`, `gender`, `passport`, `address`, `phone`, `image`, `lock`) VALUES (6,2,'bibl5','$2a$10$1mJRhQFOHq68FaA5FW3LKu8NM.AtQ7nGJ4/W3UXbuHtlxPbj1Tv.C','bibl5@gmail.com','Бородина','Варвара','Евгеньевна','1993-11-24','F','MP4088704','г. Минск, ул. Голодеда, д. 12, кв. 54','+375293895476','6.jpg',0);
INSERT INTO `users` (`id`, `roles_id`, `nickname`, `password`, `email`, `last_name`, `first_name`, `father_name`, `birthday`, `gender`, `passport`, `address`, `phone`, `image`, `lock`) VALUES (7,3,'John-Silver','$2a$10$1mJRhQFOHq68FaA5FW3LKu8NM.AtQ7nGJ4/W3UXbuHtlxPbj1Tv.C','John-Silver@gmail.com','Борисенко ','Максим ','Андреевич','1991-06-18','M','MC2704351','г. Минск, ул. Жуковского, д. 17, кв. 95','+375296928834','7.jpg',0);
INSERT INTO `users` (`id`, `roles_id`, `nickname`, `password`, `email`, `last_name`, `first_name`, `father_name`, `birthday`, `gender`, `passport`, `address`, `phone`, `image`, `lock`) VALUES (8,3,'CrocoErmek','$2a$10$1mJRhQFOHq68FaA5FW3LKu8NM.AtQ7nGJ4/W3UXbuHtlxPbj1Tv.C','CrocoErmek@gmail.com','Малевич','Никита','Андреевич','2001-04-15','M','MP3603760','г. Минск, ул. Асаналиева, д. 46, кв. 41','+375297892416','8.jpg',0);
INSERT INTO `users` (`id`, `roles_id`, `nickname`, `password`, `email`, `last_name`, `first_name`, `father_name`, `birthday`, `gender`, `passport`, `address`, `phone`, `image`, `lock`) VALUES (9,3,'Demon','$2a$10$1mJRhQFOHq68FaA5FW3LKu8NM.AtQ7nGJ4/W3UXbuHtlxPbj1Tv.C','Demon@gmail.com','Тихонов','Дмитрий','Алексеевич','1996-11-25','M','MC2835797','г. Минск, ул. Алибегова, д. 34, кв. 87','+375293659841','9.jpg',1);
INSERT INTO `users` (`id`, `roles_id`, `nickname`, `password`, `email`, `last_name`, `first_name`, `father_name`, `birthday`, `gender`, `passport`, `address`, `phone`, `image`, `lock`) VALUES (10,3,'B_kEdax','$2a$10$1mJRhQFOHq68FaA5FW3LKu8NM.AtQ7nGJ4/W3UXbuHtlxPbj1Tv.C','B_kEdax@gmail.com','Калинин','Ян','Александрович','1992-04-06','M','MP3717705','г. Минск, ул. Карбышева, д. 7, кв. 58','+375296983232','10.jpg',0);
INSERT INTO `users` (`id`, `roles_id`, `nickname`, `password`, `email`, `last_name`, `first_name`, `father_name`, `birthday`, `gender`, `passport`, `address`, `phone`, `image`, `lock`) VALUES (11,3,'IvAA','$2a$10$1mJRhQFOHq68FaA5FW3LKu8NM.AtQ7nGJ4/W3UXbuHtlxPbj1Tv.C','IvAA@gmail.com','Иванов','Алексей','Андреевич','1999-08-26','M','MP3989418','г. Минск, ул. Нёманская, д. 69, кв. 64','+375296872145','11.jpg',0);
INSERT INTO `users` (`id`, `roles_id`, `nickname`, `password`, `email`, `last_name`, `first_name`, `father_name`, `birthday`, `gender`, `passport`, `address`, `phone`, `image`, `lock`) VALUES (12,3,'Argentina','$2a$10$1mJRhQFOHq68FaA5FW3LKu8NM.AtQ7nGJ4/W3UXbuHtlxPbj1Tv.C','Argentina@gmail.com','Шевченко','Глеб','Юрьевич','1996-01-12','M','MP3985687','г. Минск, ул. Голубева, д. 14, кв. 201','+375297748295','12.jpg',0);
INSERT INTO `users` (`id`, `roles_id`, `nickname`, `password`, `email`, `last_name`, `first_name`, `father_name`, `birthday`, `gender`, `passport`, `address`, `phone`, `image`, `lock`) VALUES (13,3,'ChernFV','$2a$10$1mJRhQFOHq68FaA5FW3LKu8NM.AtQ7nGJ4/W3UXbuHtlxPbj1Tv.C','ChernFV@gmail.com','Черняев','Фёдор','Владимирович','1993-05-09','M','MP3899805','г. Минск, ул. Шаранговича, д. 31, кв. 84','+375295898784','13.jpg',0);
INSERT INTO `users` (`id`, `roles_id`, `nickname`, `password`, `email`, `last_name`, `first_name`, `father_name`, `birthday`, `gender`, `passport`, `address`, `phone`, `image`, `lock`) VALUES (14,3,'Redred','$2a$10$1mJRhQFOHq68FaA5FW3LKu8NM.AtQ7nGJ4/W3UXbuHtlxPbj1Tv.C','Redred@gmail.com','Абрамчук','Юлия','Сергеевна','1984-09-07','F','MC2795501','г. Минск, ул.  Гинтовта, д. 32, кв. 148','+375296858412','14.jpg',0);
INSERT INTO `users` (`id`, `roles_id`, `nickname`, `password`, `email`, `last_name`, `first_name`, `father_name`, `birthday`, `gender`, `passport`, `address`, `phone`, `image`, `lock`) VALUES (15,3,'Galtur','$2a$10$1mJRhQFOHq68FaA5FW3LKu8NM.AtQ7nGJ4/W3UXbuHtlxPbj1Tv.C','Galtur@gmail.com','Сергеева','Мария','Сергеевна','1986-09-18','F','MP3634194','г. Минск, ул. Одинцова, д. 32, кв. 58','+375295626387','15.jpg',0);
INSERT INTO `users` (`id`, `roles_id`, `nickname`, `password`, `email`, `last_name`, `first_name`, `father_name`, `birthday`, `gender`, `passport`, `address`, `phone`, `image`, `lock`) VALUES (16,3,'uhtishka','$2a$10$1mJRhQFOHq68FaA5FW3LKu8NM.AtQ7nGJ4/W3UXbuHtlxPbj1Tv.C','uhtishka@gmail.com','Трифонова','Надежда','Владимировна','1998-10-06','F','MP3794114','г. Минск, ул. Прушинских, д. 59, кв. 8','+375296589514','16.jpg',0);
INSERT INTO `users` (`id`, `roles_id`, `nickname`, `password`, `email`, `last_name`, `first_name`, `father_name`, `birthday`, `gender`, `passport`, `address`, `phone`, `image`, `lock`) VALUES (17,3,'oler','$2a$10$1mJRhQFOHq68FaA5FW3LKu8NM.AtQ7nGJ4/W3UXbuHtlxPbj1Tv.C','oler@gmail.com','Гринько','Ольга','Павловна','2000-06-03','F','AB3222635','г. Минск, ул. Лобанка, д. 20, кв. 154','+375291278595','17.jpg',0);
INSERT INTO `users` (`id`, `roles_id`, `nickname`, `password`, `email`, `last_name`, `first_name`, `father_name`, `birthday`, `gender`, `passport`, `address`, `phone`, `image`, `lock`) VALUES (18,3,'Nakataka0304','$2a$10$1mJRhQFOHq68FaA5FW3LKu8NM.AtQ7nGJ4/W3UXbuHtlxPbj1Tv.C','Nakataka0304@gmail.com','Тузикова','Наталья','Васильевна','1986-08-25','F','MP3871306','г. Минск, пр. Газеты Звязда, д. 23, кв. 161','+375291036982','18.jpg',0);
INSERT INTO `users` (`id`, `roles_id`, `nickname`, `password`, `email`, `last_name`, `first_name`, `father_name`, `birthday`, `gender`, `passport`, `address`, `phone`, `image`, `lock`) VALUES (19,3,'Alice_aka_Fox','$2a$10$1mJRhQFOHq68FaA5FW3LKu8NM.AtQ7nGJ4/W3UXbuHtlxPbj1Tv.C','Alice_aka_Fox@gmail.com','Герасименко','Алиса','Валерьевна','1977-05-26','F','MC2768370','г. Минск, ул. Старовиленская, д. 133, кв. 114','+375293058429','19.jpg',0);
INSERT INTO `users` (`id`, `roles_id`, `nickname`, `password`, `email`, `last_name`, `first_name`, `father_name`, `birthday`, `gender`, `passport`, `address`, `phone`, `image`, `lock`) VALUES (20,3,'BAS23','$2a$10$1mJRhQFOHq68FaA5FW3LKu8NM.AtQ7nGJ4/W3UXbuHtlxPbj1Tv.C','BAS23@gmail.com','Казак','Агата','Александровна','1998-04-16','F','KH2699605','г. Минск, ул. Белинского, д. 23, кв. 45','+375447380549','20.jpg',0);
INSERT INTO `users` (`id`, `roles_id`, `nickname`, `password`, `email`, `last_name`, `first_name`, `father_name`, `birthday`, `gender`, `passport`, `address`, `phone`, `image`, `lock`) VALUES (21,3,'DiaNchiK1987','$2a$10$1mJRhQFOHq68FaA5FW3LKu8NM.AtQ7nGJ4/W3UXbuHtlxPbj1Tv.C','DiaNchiK1987@gmail.com','Баринова','Диана','Павловна','1987-08-06','F','KB2407785','г. Минск, ул.Тимирязева, д. 90, кв. 37','+375293218543','21.jpg',0);
INSERT INTO `users` (`id`, `roles_id`, `nickname`, `password`, `email`, `last_name`, `first_name`, `father_name`, `birthday`, `gender`, `passport`, `address`, `phone`, `image`, `lock`) VALUES (22,3,'afynfcnbrf','$2a$10$1mJRhQFOHq68FaA5FW3LKu8NM.AtQ7nGJ4/W3UXbuHtlxPbj1Tv.C','afynfcnbrf@gmail.com','Быстрова','Вероника','Александровна','2001-11-06','F','MP3908154','г. Минск, ул. Казанца, д. 39, кв. 75','+375296892874','22.jpg',0);
INSERT INTO `users` (`id`, `roles_id`, `nickname`, `password`, `email`, `last_name`, `first_name`, `father_name`, `birthday`, `gender`, `passport`, `address`, `phone`, `image`, `lock`) VALUES (23,3,'jizha40k','$2a$10$1mJRhQFOHq68FaA5FW3LKu8NM.AtQ7nGJ4/W3UXbuHtlxPbj1Tv.C','jizha40k@gmail.com','Полякова','Елена','Николаевна','1975-07-28','F','AB3223257','г. Минск, ул. Уборевича, д. 166, кв. 81','+375296498412','23.jpg',0);
INSERT INTO `users` (`id`, `roles_id`, `nickname`, `password`, `email`, `last_name`, `first_name`, `father_name`, `birthday`, `gender`, `passport`, `address`, `phone`, `image`, `lock`) VALUES (24,3,'verochka56','$2a$10$1mJRhQFOHq68FaA5FW3LKu8NM.AtQ7nGJ4/W3UXbuHtlxPbj1Tv.C','verochka56@gmail.com','Кузьмина','Вера','Павловна','1975-06-14','F','MC2889569','г. Минск, ул. Максима Горецкого, д. 69, кв. 17','+375295010526','24.jpg',0);
INSERT INTO `users` (`id`, `roles_id`, `nickname`, `password`, `email`, `last_name`, `first_name`, `father_name`, `birthday`, `gender`, `passport`, `address`, `phone`, `image`, `lock`) VALUES (25,3,'link-s','$2a$10$1mJRhQFOHq68FaA5FW3LKu8NM.AtQ7nGJ4/W3UXbuHtlxPbj1Tv.C','link-s@gmail.com','Жалова','Дарья','Александровна','1980-11-21','F','MP3929993','г. Минск, ул. Колесникова, д. 23, кв. 84','+375295266365','25.jpg',0);
INSERT INTO `users` (`id`, `roles_id`, `nickname`, `password`, `email`, `last_name`, `first_name`, `father_name`, `birthday`, `gender`, `passport`, `address`, `phone`, `image`, `lock`) VALUES (26,3,'AnnaGrecia','$2a$10$1mJRhQFOHq68FaA5FW3LKu8NM.AtQ7nGJ4/W3UXbuHtlxPbj1Tv.C','AnnaGrecia@gmail.com','Герасимчик','Анна','Михайловна','1997-12-12','F','KH2675782','г. Минск, ул. Сергея Есенина, д. 8, кв. 26','+375296698525','26.jpg',0);
INSERT INTO `users` (`id`, `roles_id`, `nickname`, `password`, `email`, `last_name`, `first_name`, `father_name`, `birthday`, `gender`, `passport`, `address`, `phone`, `image`, `lock`) VALUES (27,3,'MOROZ','$2a$10$1mJRhQFOHq68FaA5FW3LKu8NM.AtQ7nGJ4/W3UXbuHtlxPbj1Tv.C','MOROZ@gmail.com','Мороз','Валентина','Дмитриевна','1979-03-28','F','HB2846386','г. Минск, ул. Маршала Лосика, д. 6, кв. 87','+375295023369','27.jpg',0);
INSERT INTO `users` (`id`, `roles_id`, `nickname`, `password`, `email`, `last_name`, `first_name`, `father_name`, `birthday`, `gender`, `passport`, `address`, `phone`, `image`, `lock`) VALUES (28,3,'Ivashenko58','$2a$10$1mJRhQFOHq68FaA5FW3LKu8NM.AtQ7nGJ4/W3UXbuHtlxPbj1Tv.C','Ivashenko58@gmail.com','Ивашенко','Софья','Константиновна','1984-12-21','F','MP3948749','г. Минск, ул. Петра Глебки, д. 110, кв. 82','+375297285963','28.jpg',0);
INSERT INTO `users` (`id`, `roles_id`, `nickname`, `password`, `email`, `last_name`, `first_name`, `father_name`, `birthday`, `gender`, `passport`, `address`, `phone`, `image`, `lock`) VALUES (29,3,'Flery','$2a$10$1mJRhQFOHq68FaA5FW3LKu8NM.AtQ7nGJ4/W3UXbuHtlxPbj1Tv.C','Flery@gmail.com','Горохович','Ульяна','Юрьевна','2002-12-25','F','KH2649208','г. Минск, ул.  Газеты Правда, д. 22, кв. 147','+375297732984','29.jpg',0);
INSERT INTO `users` (`id`, `roles_id`, `nickname`, `password`, `email`, `last_name`, `first_name`, `father_name`, `birthday`, `gender`, `passport`, `address`, `phone`, `image`, `lock`) VALUES (30,3,'Totoro','$2a$10$1mJRhQFOHq68FaA5FW3LKu8NM.AtQ7nGJ4/W3UXbuHtlxPbj1Tv.C','Totoro@gmail.com','Лазовская','Татьяна','Андреевна','1978-04-15','F','MP3946553','г. Минск, ул. Голубева, д. 11, кв. 19','+375296682834','30.jpg',0);
INSERT INTO `users` (`id`, `roles_id`, `nickname`, `password`, `email`, `last_name`, `first_name`, `father_name`, `birthday`, `gender`, `passport`, `address`, `phone`, `image`, `lock`) VALUES (31,3,'KseniaArt','$2a$10$1mJRhQFOHq68FaA5FW3LKu8NM.AtQ7nGJ4/W3UXbuHtlxPbj1Tv.C','KseniaArt@gmail.com','Чернышева','Ксения','Юрьевна','1997-09-05','F','MP4210190','г. Минск, ул. Налибокская, д. 40, кв. 93','+375296632845','31.jpg',0);
INSERT INTO `users` (`id`, `roles_id`, `nickname`, `password`, `email`, `last_name`, `first_name`, `father_name`, `birthday`, `gender`, `passport`, `address`, `phone`, `image`, `lock`) VALUES (32,3,'Yanella','$2a$10$1mJRhQFOHq68FaA5FW3LKu8NM.AtQ7nGJ4/W3UXbuHtlxPbj1Tv.C','Yanella@gmail.com','Лещенко','Яна','Сергеевна','1999-06-03','F','MP3836177','г. Минск, ул. Наполеона Орды, д. 11, кв. 46','+375296248512','32.jpg',0);
INSERT INTO `users` (`id`, `roles_id`, `nickname`, `password`, `email`, `last_name`, `first_name`, `father_name`, `birthday`, `gender`, `passport`, `address`, `phone`, `image`, `lock`) VALUES (33,3,'VioLetKa','$2a$10$1mJRhQFOHq68FaA5FW3LKu8NM.AtQ7nGJ4/W3UXbuHtlxPbj1Tv.C','VioLetKa@gmail.com','Дорошко','Виолетта','Эдуардовна','1996-10-30','F','MP3791539','г. Минск, ул. Притыцкого, д. 105, кв. 75','+375333258156','33.jpg',0);
INSERT INTO `users` (`id`, `roles_id`, `nickname`, `password`, `email`, `last_name`, `first_name`, `father_name`, `birthday`, `gender`, `passport`, `address`, `phone`, `image`, `lock`) VALUES (34,3,'Kristina998','$2a$10$1mJRhQFOHq68FaA5FW3LKu8NM.AtQ7nGJ4/W3UXbuHtlxPbj1Tv.C','Kristina998@gmail.com','Боровик','Кристина','Олеговна','1998-05-29','F','MP3624825','г. Минск, ул. Янки Лучины, д. 26, кв. 85','+375296359775','34.jpg',0);
INSERT INTO `users` (`id`, `roles_id`, `nickname`, `password`, `email`, `last_name`, `first_name`, `father_name`, `birthday`, `gender`, `passport`, `address`, `phone`, `image`, `lock`) VALUES (35,3,'panda_alexandria','$2a$10$1mJRhQFOHq68FaA5FW3LKu8NM.AtQ7nGJ4/W3UXbuHtlxPbj1Tv.C','panda_alexandria@gmail.com','Литвинович','Александра','Алексеевна','1996-02-03','F','MP3836279','г. Минск, ул. Ежи Гедройца, д. 14, кв. 25','+375297715296','35.jpg',0);
INSERT INTO `users` (`id`, `roles_id`, `nickname`, `password`, `email`, `last_name`, `first_name`, `father_name`, `birthday`, `gender`, `passport`, `address`, `phone`, `image`, `lock`) VALUES (36,3,'Nata61','$2a$10$1mJRhQFOHq68FaA5FW3LKu8NM.AtQ7nGJ4/W3UXbuHtlxPbj1Tv.C','Nata61@gmail.com','Богданова','Наталья','Дмитриевна','1995-10-22','F','BM2151953','г. Минск, ул. Маяковского, д. 154, кв. 55','+375297778274','36.jpg',0);
UNLOCK TABLES;

--
-- Dumping data for table `books`
--
LOCK TABLES `books` WRITE;
INSERT INTO `books` (`id`, `name`, `publishers_id`, `types_id`, `publication_year`, `pages`, `part`, `isbn`, `issn`, `annotation`, `price`, `image`) VALUES (1,'Витя Малеев в школе и дома',1,1,2019,191,NULL,'978-5-389-17672-0','','«Витя Малеев в школе и дома» – это весёлая и озорная повесть о школьных и внешкольных приключениях мальчишек. А иллюстрации А. Каневского создают особую атмосферу, погружая читателя в беззаботный и уютный мир детства.',10.00,'1.jpg');
INSERT INTO `books` (`id`, `name`, `publishers_id`, `types_id`, `publication_year`, `pages`, `part`, `isbn`, `issn`, `annotation`, `price`, `image`) VALUES (2,'Телефон',1,1,2019,70,NULL,'978-5-389-17723-9','','Весёлые и поучительные рассказы знаменитого писателя Николая Носова с иллюстрациями прекрасного художника Германа Огородникова давно стали классикой. В героях с детства любимых рассказов читатели наверняка узнают своего друга, или одноклассника, или соседа. Они так же учатся в школе, играют и проказничают, так же радуются и грустят, ссорятся и мирятся. Мастерски написанные, рассказы не только развлекают читателей, но и ненавязчиво, исподволь преподносят уроки доброты и человечности.',10.00,'2.jpg');
INSERT INTO `books` (`id`, `name`, `publishers_id`, `types_id`, `publication_year`, `pages`, `part`, `isbn`, `issn`, `annotation`, `price`, `image`) VALUES (3,'Сказки Пушкина',2,1,2014,70,NULL,'978-5-373-03958-1','','В сборнике представлены сказки А. С. Пушкина «Сказка о рыбаке и рыбке», «Сказка о царе Салтане», «Сказка о попе и о работнике его Балде», «Сказка о мертвой царевне и о семи богатырях», «Сказка о золотом петушке». На этих произведениях воспитывалось не одно поколение и должны вырасти современные дети. Как и все книги данной серии, издание красочно иллюстрировано.',10.00,'3.jpg');
INSERT INTO `books` (`id`, `name`, `publishers_id`, `types_id`, `publication_year`, `pages`, `part`, `isbn`, `issn`, `annotation`, `price`, `image`) VALUES (4,'Военный летчик',3,1,2010,192,0,'978-5-699-44302-4','','Вселенная Антуана де Сент-Экзюпери огромна и необычайно гостеприимна. Не случайно миллионы читателей, поколение за поколением, совершают все новые полеты по ее бескрайним просторам, где среди звезд и небесных пейзажей, гор и песков \"летящий пророк двадцатого столетия\" открывает путь к свободе и счастью. В \"Военном летчике\", когда-то запрещенном во Франции, но имевшем колоссальный успех в других странах, одновременно вызывавшем восторженные отзывы и яростные нападки, Экзюпери приглашает нас в очередной полет - непредсказуемый, смертельно опасный путь во тьме ночи под шквальным огненным дождем. Но вместе с тем полет захватывающий, благотворный и незабываемый.',10.00,'4.jpg');
INSERT INTO `books` (`id`, `name`, `publishers_id`, `types_id`, `publication_year`, `pages`, `part`, `isbn`, `issn`, `annotation`, `price`, `image`) VALUES (5,'И дольше века длится день...',4,1,2010,480,NULL,'978-5-17-065728-5','','Публикация романа «И дольше века длится день…» (впервые он вышел под названием «Буранный полустанок») произвела фурор среди читающей публики, а за Чингизом Айтматовым окончательно закрепилось звание «властителя дум». Автор знаменитых произведений, переведенных на десятки мировых языков повестей-притч «Белый пароход», «Прощай, Гульсары!», «Пегий пес, бегущий краем моря», он создал тогда новое произведение, которое сегодня, спустя десятилетия, звучит трагически актуально и которое стало мостом к следующим притчам Ч.Айтматова — романам «Плаха» и «Тавро Кассандры».',10.00,'5.jpg');
INSERT INTO `books` (`id`, `name`, `publishers_id`, `types_id`, `publication_year`, `pages`, `part`, `isbn`, `issn`, `annotation`, `price`, `image`) VALUES (6,'Планета людей',3,1,2009,224,NULL,'978-5-699-34109-2','','Вселенная Антуана де Сент-Экзюпери огромна и необычайно гостеприимна. Не случайно миллионы читателей, поколение за поколением, совершают все новые полеты по ее бесконечным пространствам. В ней среди звезд, небесных пейзажей, ветра, гор и песков \"летящий пророк двадцатого столетия\" открывает пути к свободе и счастью. \"Планета людей\" - одно из ярчайших светил вселенной Экзюпери. Отмеченное престижными литературными премиями, завоевавшее любовь читателей во всем мире, это произведение явилось подготовительным этапом создания самой яркой его звезды - \"Маленького принца\". ',10.00,'6.jpg');
INSERT INTO `books` (`id`, `name`, `publishers_id`, `types_id`, `publication_year`, `pages`, `part`, `isbn`, `issn`, `annotation`, `price`, `image`) VALUES (7,'Отчаяние',5,1,2009,224,NULL,'978-5-9985-0744-1','','\"Отчаяние\" - шестой русский роман Владимира Набокова, в котором автор вновь - как прежде в \"Короле, даме, валете\" и \"Камере обскуре\" - обращается к немецкому материалу и криминальному сюжету. Берлинский коммерсант средней руки задумывает и совершает \"идеальное убийство\" с целью получить страховку, а затем пишет об этом повесть, перечитывая которую с ужасом обнаруживает зафиксированный в ней роковой изъян своего хитроумного замысла... В рамках детективной истории о мнимом двойничестве и об \"убийстве как разновидности изящных искусств\" Набоков оригинально разыгрывает вечные литературные сюжеты о гении и злодействе, истинном и ложном таланте, преступлении и наказании, которые впоследствии будут развернуты в знаменитой \"Лолите\". В нашей библиотеке вы можете бесплатно почитать книгу « Отчаяние ». Чтобы читать онлайн книгу « Отчаяние » перейдите по указанной ссылке. Приятного Вам чтения. ',10.00,'7.jpg');
INSERT INTO `books` (`id`, `name`, `publishers_id`, `types_id`, `publication_year`, `pages`, `part`, `isbn`, `issn`, `annotation`, `price`, `image`) VALUES (8,'Карьер',3,1,2009,736,NULL,'978-5-699-34546-5','','Действие повести \"Карьер\" происходит как бы в двух измерениях - в конце XX века и в то же время в трагическую пору начала войны, куда постоянно возвращается чувствами и памятью главный герой. Продолжающий цикл военных повестей известного советского писателя Василя Быкова, \"Карьер\" насыщен сложной нравственной проблематикой; произведение заставляет напряженно размышлять о высокой цене человеческой жизни, о том, какими необратимыми потерями оборачивается подозрительность, утрата естественного доверия между людьми. ',10.00,'8.jpg');
INSERT INTO `books` (`id`, `name`, `publishers_id`, `types_id`, `publication_year`, `pages`, `part`, `isbn`, `issn`, `annotation`, `price`, `image`) VALUES (9,'Дар',5,1,2009,480,NULL,'978-5-9985-0452-5','','\"Дар\" - последний русский роман Владимира Набокова, который может быть по праву назван вершиной русскоязычного периода его творчества и одним из шедевров русской литературы XX века. Повествуя о творческом становлении молодого писателя-эмигранта Федора Годунова-Чердынцева, эта глубоко автобиографичная книга касается важнейших набоковских тем: судеб русской словесности, загадки истинного дара, идеи личного бессмертия, достижимого посредством воспоминаний, любви и искусства. В настоящем издании текст романа впервые в России публикуется вместе с авторским предисловием к его позднейшему английскому переводу.',10.00,'9.jpg');
INSERT INTO `books` (`id`, `name`, `publishers_id`, `types_id`, `publication_year`, `pages`, `part`, `isbn`, `issn`, `annotation`, `price`, `image`) VALUES (10,'Три сестры',5,1,2008,288,NULL,'978-5-91181-876-0','','Три сестры — пьеса в четырёх действиях Антона Павловича Чехова, написана в 1900. ',10.00,'10.jpg');
INSERT INTO `books` (`id`, `name`, `publishers_id`, `types_id`, `publication_year`, `pages`, `part`, `isbn`, `issn`, `annotation`, `price`, `image`) VALUES (11,'Завтра была война',6,1,2007,307,NULL,'978-5-9697-0480-0','','Юные герои повести Бориса Васильева «Завтра была война» живут в предгрозовое время. Очень скоро (завтра!) им предстоит взять в руки оружие, а пока они сражаются за свою честь. В книгу вошли также повествования о послевоенном времени, когда бои уже отгремели, но личное достоинство и преданность Родине по-прежнему приходится отстаивать каждый день: «Неопалимая Купина», «Суд да дело», «Победители», «Старая “Олимпия”», «Ветеран», «Экспонат №…» и киноповесть «Аты-баты, шли солдаты».',10.00,'11.jpg');
INSERT INTO `books` (`id`, `name`, `publishers_id`, `types_id`, `publication_year`, `pages`, `part`, `isbn`, `issn`, `annotation`, `price`, `image`) VALUES (12,'Цитадель',4,1,2007,560,NULL,'5-17-036874-7','','\"Цитадель\". Самое своеобразное и, возможно, самое гениальное произведение Экзюпери. Книга, в которой по-новому заиграли грани таланта этого писателя. Книга, в которой причудливо переплелись мотивы притчи и военной прозы, мемуары и литературные легенды, размышления о смысле жизни и духовные искания великого француза.',10.00,'12.jpg');
INSERT INTO `books` (`id`, `name`, `publishers_id`, `types_id`, `publication_year`, `pages`, `part`, `isbn`, `issn`, `annotation`, `price`, `image`) VALUES (13,'Маленький принц',3,1,2021,80,NULL,'978-5-04-159765-8','','«Маленький принц» – самое знаменитое произведение Антуана де Сент-Экзюпери с авторскими рисунками. Мудрая и «человечная» сказка-притча, в которой просто и проникновенно говорится о самом важном: о дружбе и любви, о долге и верности, о красоте и нетерпимости к злу. Все мы родом из детства», – напоминает великий француз и знакомит нас с самым загадочным и трогательным героем мировой литературы.',10.00,'13.jpg');
INSERT INTO `books` (`id`, `name`, `publishers_id`, `types_id`, `publication_year`, `pages`, `part`, `isbn`, `issn`, `annotation`, `price`, `image`) VALUES (14,'Ночной полет',4,1,2003,352,NULL,'5-17-018609-6','','Перед вами - легендарные произведения Антуана де Сент-Экзюпери, писателя - и летчика. Произведения, в которых талант писателя служит лишь средством и формой выразить ощущения летчика. Некогда мудрый Жан Кокто называл Экзюпери \"летящей душой\". Теперь вам предстоит окунуться в полет этой души - и вместе с Экзюпери \"уйти в небо\"...',10.00,'14.jpg');
INSERT INTO `books` (`id`, `name`, `publishers_id`, `types_id`, `publication_year`, `pages`, `part`, `isbn`, `issn`, `annotation`, `price`, `image`) VALUES (15,'Манон, танцовщица',3,1,2011,256,NULL,'978-5-699-48743-1','','В сборник вошли уникальные тексты де Сент-Экзюпери, случайно обнаруженные в частных коллекциях уже после исчезновения знаменитого писателя-летчика и впервые переведенные на русский язык только в 2009 году. Новелла \"Манон, танцовщица\" - его первое законченное произведение, не изданное при жизни и считавшееся утерянным. \"Авиатор\" - первая публикация, своеобразная отправная точка. Вместе с ранее неизвестными очерками, главами и фрагментами романов, в точности воспроизведенными документами и письмами (в том числе к внучке царя Александра II, актрисе и светской львице Натали Палей) они представляют собой живое свидетельство жизни и истории создания бессмертных произведений Антуана де Сент-Экзюпери.',10.00,'15.jpg');
INSERT INTO `books` (`id`, `name`, `publishers_id`, `types_id`, `publication_year`, `pages`, `part`, `isbn`, `issn`, `annotation`, `price`, `image`) VALUES (16,'Триумфальная арка',4,1,2017,540,0,'978-5-17-087193-3','','Место действия – Париж накануне Второй мировой войны. Герой – хирург, спасающий человеческие жизни, беженец из Германии, без документов, скрывающийся и от французов, и от нацистов. Героиня – итальянская актриса, окруженная поклонниками, неотразимая и вспыльчивая, как все артисты. И время, когда влюбленным довелось встретиться, и город, пронизанный ощущением надвигающейся катастрофы, также становятся героями этого романа… Это история любви наперекор всему, любви, пусть и причиняющей боль, но и дарующей бесконечную радость.',10.00,'16.jpg');
INSERT INTO `books` (`id`, `name`, `publishers_id`, `types_id`, `publication_year`, `pages`, `part`, `isbn`, `issn`, `annotation`, `price`, `image`) VALUES (17,'Приключения Незнайки и его друзей',1,1,2019,177,NULL,'978-5-389-17668-3','','«Приключения Незнайки и его друзей» – первая книга в трилогии знаменитого писателя Николая Носова о приключениях Незнайки. Опубликованная в середине прошлого века, она вошла в золотой фонд детской литературы.',10.00,'17.jpg');
INSERT INTO `books` (`id`, `name`, `publishers_id`, `types_id`, `publication_year`, `pages`, `part`, `isbn`, `issn`, `annotation`, `price`, `image`) VALUES (18,'Джен Эйр',4,1,2007,176,NULL,'978-5-17-024445-4','','В поисках лучшей доли Джен Эйр, сирота, страдающая от притеснений родственников и школьных наставников, становится гувернанткой и начинает новую счастливую жизнь в Торнфилде. Спустя некоторое время Джен начинает понимать, что Рочестер, хозяин Торнфилда, скрывает от нее какую-то тайну.',10.00,'18.jpg');
INSERT INTO `books` (`id`, `name`, `publishers_id`, `types_id`, `publication_year`, `pages`, `part`, `isbn`, `issn`, `annotation`, `price`, `image`) VALUES (19,'Золотая кровь',8,1,2021,200,NULL,'978-5-17-022029-4','','Джек Уильямсон – патриарх и живой классик американской научной фантастики, один из основоположников жанра «космической оперы». Именно он придумал термины «генная инженерия» и «терраформирование», вошедшие в лексикон всех современных фантастов и ученых. Его перу принадлежат знаменитые циклы «Легион пространства», «Звездное дитя» (совместно с Фредериком Полом), множество романов, повестей и рассказов.',10.00,'19.jpg');
INSERT INTO `books` (`id`, `name`, `publishers_id`, `types_id`, `publication_year`, `pages`, `part`, `isbn`, `issn`, `annotation`, `price`, `image`) VALUES (20,'На двух планетах',8,1,2021,410,NULL,'978-5-4224-0042-3','','Масштабный приключенческий роман классика немецкой литературы Курда Лассвица «На двух планетах» удачно соединяет в себе оригинальные технические идеи, утопические фантазии и невероятные приключения как на Земле, так и в космосе.',10.00,'20.jpg');
INSERT INTO `books` (`id`, `name`, `publishers_id`, `types_id`, `publication_year`, `pages`, `part`, `isbn`, `issn`, `annotation`, `price`, `image`) VALUES (21,'Самое слабое в мире чудовище',4,1,2021,170,NULL,'978-5-17-137691-8','','«Однажды в мире людей появилось чудовище…» – так начинается почти каждый рассказ, вошедший в сборник: к человечеству непонятно откуда прилетают сверхъестественные существа и предлагают людям что-то, что переворачивает весь современный мир с ног на голову. Являются ли эти странные чудища и демоны небесной карой за грехи, либо, наоборот, прекрасной возможностью изменить жизнь к лучшему? Смогут ли люди выжить в предлагаемых обстоятельствах? Изменится ли мир после их ухода или все останется, как было? Уйдут ли эти существа вообще? Эти и многие другие вопросы будут волновать читателя до самой последней страницы книги.Ким Тонсик – молодой корейский писатель, неожиданно появившийся в мире корейской художественной литературы и в одночасье ставший ее яркой звездой. Он начал карьеру в онлайн-сообществе «Страшилка», где публиковал свои произведения, написанные в свободное от работы на заводе время. Читатели были настолько впечатлены рассказами Ким Тонсика, их оригинальностью сюжета и динамичностью повествования, что автор быстро стал популярен. За два года (2017–2018) молодой автор выпустил целых пять сборников рассказов и в настоящий момент является одним из самых читаемых авторов в Южной Корее. ',10.00,'21.jpg');
INSERT INTO `books` (`id`, `name`, `publishers_id`, `types_id`, `publication_year`, `pages`, `part`, `isbn`, `issn`, `annotation`, `price`, `image`) VALUES (22,'Зона Питер. На одной волне',4,1,2021,320,NULL,'978-5-17-137567-6','','Зоны больше нет, осталось только грустить по старым временам и ностальгировать, превратив свой бар на окраине Санкт-Петербурга в мемориал аномальной территории. Но внезапное исчезновение старых друзей посреди города вновь изменяет жизнь сталкера-ветерана. Отправившись по следам пропавших, он оказывается в неизвестном месте и чем дальше, тем больше убеждается – именно там возникла другая Зона.Помощь новым, весьма необычным знакомым приводит к опасным приключениям: загадочная лаборатория, убийства, в которых обвиняют их компанию… Набор неприятностей усугубляется тем, что их преследует один из самых жутких мутантов, а некоторые приятели являются не теми, кем кажутся. Сталкеру придется разобраться во всех тайнах, что подкинули ему аномальные земли, получившие название «Зона Питер».',10.00,'22.jpg');
INSERT INTO `books` (`id`, `name`, `publishers_id`, `types_id`, `publication_year`, `pages`, `part`, `isbn`, `issn`, `annotation`, `price`, `image`) VALUES (23,'Бездна',9,1,2021,540,0,'978-5-227-09686-9','','Это было всего-навсего желание заработать немного денег во время отпуска. Поначалу всё казалось невероятно простым, но вскоре начали происходить события, которые можно назвать не иначе как кошмаром наяву. Таинственное место, называемое Бездной, наполнено смертоносными ловушками, жуткими тварями и ещё чем-то, что трудно вообразить. И Бездна определённо не намерена отпускать людей, проникших в её недра.',10.00,'23.jpg');
INSERT INTO `books` (`id`, `name`, `publishers_id`, `types_id`, `publication_year`, `pages`, `part`, `isbn`, `issn`, `annotation`, `price`, `image`) VALUES (24,'Стать сильнее',4,1,2021,440,NULL,'978-5-17-145801-0','','В мире, подвергшемся нашествию монстров, выживают лишь сильные. И даже если ты ребенок, у тебя лишь два пути: стать сильнее или умереть. Но если ты из рода охотников на монстров, всегда есть шанс уцелеть и защитить дорогого человека. Только вот придется заплатить высокую цену. Но если повезет, то ты не только выживешь, но и получишь учителя в виде могущественного, но очень ленивого духа.',10.00,'24.jpg');
INSERT INTO `books` (`id`, `name`, `publishers_id`, `types_id`, `publication_year`, `pages`, `part`, `isbn`, `issn`, `annotation`, `price`, `image`) VALUES (25,'Странник',4,1,2021,360,NULL,'978-5-17-112246-1','','Его зовут Странник. Возможно, когда-то у него было настоящее имя, но теперь его нет. Возможно, когда-то он и говорил, но теперь лишен голоса. В этом разрушенном и сожженном мире, где правят чудовища, мутанты и демоны, где уже давно нет надежды, а люди зачастую не слишком похожи на людей, имена не нужны, а голос может только выдать. Странник ищет Сияющий Город. По слухам, это последний оплот человечества, и именно туда Странник надеется донести оружие, которое сможет переломить ход уже проигранной войны. Но, как это обычно бывает с преданиями, в легенде о Сияющем Городе кроется немало вымысла, а все вокруг превращается в пыль. Цель Странника далеко, и его путь пролегает по миру, где некогда великие цивилизации повержены во прах, повсюду царят хаос и насилие, и где жить куда сложнее, чем умереть.',10.00,'25.jpg');
INSERT INTO `books` (`id`, `name`, `publishers_id`, `types_id`, `publication_year`, `pages`, `part`, `isbn`, `issn`, `annotation`, `price`, `image`) VALUES (26,'Злость',4,1,2021,440,NULL,'978-5-17-112249-2','','После многих злоключений и невзгод Странник сумел найти островок безопасности в землях, изуродованных катаклизмом, демонами и мутантами. Но спокойствие не вечно, ведь на юге снова проснулся Разлом, откуда в этот мир изначально проникли инфернали, разрушившие человеческую цивилизацию. Только на этот раз из Разлома появляется создание, которого боятся даже чудовища, создание, одинаково опасное и для людей, и для монстров. И в ответ на новую угрозу оживает Злость, меч Странника, живой и обладающий собственным сознанием осколок погибшего полубога. Но воин больше не хочет идти в бой, и тогда мечу приходится найти себе нового хозяина и отправиться с ним в путь, хочет его новый владелец того или нет. Правда, они оба еще не знают, что в мире многое изменилось, и понять, кто тебе друг, а кто – враг, стало гораздо сложнее.',10.00,'26.jpg');
INSERT INTO `books` (`id`, `name`, `publishers_id`, `types_id`, `publication_year`, `pages`, `part`, `isbn`, `issn`, `annotation`, `price`, `image`) VALUES (27,'Вор и тьма',10,1,2019,430,NULL,'978-5-9922-2902-8','','Проклятые леса. Я шел туда с теми, кому не доверял, а они не верили друг другу. Но Николас Гард должен пройти избранный путь до конца. Я здесь, чтобы освободить Алису из плена черной власти и ради мести. Низверженный… Это он убил Старика и ночных крыс, это в его руках моя любовь, и, кем бы он ни был, он мой враг. Я уже близко! Знать бы, куда приведет любовь и жажда отмщения. Но что даст это знание? Ничего, а впереди Запустение и начало роковых событий, изменивших мир.',10.00,'27.jpg');
INSERT INTO `books` (`id`, `name`, `publishers_id`, `types_id`, `publication_year`, `pages`, `part`, `isbn`, `issn`, `annotation`, `price`, `image`) VALUES (28,'Работа над ошибкой',3,1,2019,650,NULL,'978-5-04-101833-7','','Джаз вместо тишины. Чудо вместо отчаяния. Взрослый вместо ребенка.Сыграть судьбу по нотам невозможно, даже если ты талантливый музыкант. Лучший друг кончает жизнь самоубийством. Музыкальный коллектив распадается. В сорок один год ты до сих пор одинок и начинаешь понимать: что-то не так.Одним ноябрьским вечером Эмиль Времянкин, казалось, достиг точки невозврата. Но для талантливого пианиста судьба готовила иное будущее… Теперь Эмиль – семилетний мальчик с опытом взрослого. Может заново прожить жизнь. И у него есть план.Содержит нецензурную брань!',10.00,'28.jpg');
INSERT INTO `books` (`id`, `name`, `publishers_id`, `types_id`, `publication_year`, `pages`, `part`, `isbn`, `issn`, `annotation`, `price`, `image`) VALUES (29,'Возвращение',9,1,2019,320,NULL,'978-5-227-08762-1','','Прошли годы. Не без участия Ефима Сорокина, он же Фил Бёрд, послевоенная Европа приобрела совсем другой вид. Сам же герой – вполне успешный бизнесмен. Однако, зайдя как-то в бар с помощником директора ФБР, умудрился влипнуть в историю, в результате которой мексиканским наркокартелем были похищены его дочь и беременная жена. Приходится платить большой выкуп, но недаром Ефим когда-то снял в Голливуде фильм «Месть подаётся холодной». Вот и наш герой решает жестоко отомстить похитителям…',10.00,'29.jpg');
INSERT INTO `books` (`id`, `name`, `publishers_id`, `types_id`, `publication_year`, `pages`, `part`, `isbn`, `issn`, `annotation`, `price`, `image`) VALUES (30,'Песок и пепел',4,1,2019,416,NULL,'978-5-17-115989-4','','Ты проснулся на берегу лесного озера в безлюдных предгорьях, без крыши над головой, а песок, на котором ты лежишь, больше похож на пепел. Хорошо бы знать, как тебя зовут, как сюда попал и чего ради. Но первый шаг почти сразу дает попутчиков, а заодно и их проблемы, ставящие на грань выживания. Но у тебя просыпается магия, есть руки, способные держать оружие. Путь предстоит не близкий. Главное, чтобы не оборвался внезапно…',10.00,'30.jpg');
INSERT INTO `books` (`id`, `name`, `publishers_id`, `types_id`, `publication_year`, `pages`, `part`, `isbn`, `issn`, `annotation`, `price`, `image`) VALUES (31,'Звездолет с перебитым крылом',3,1,2019,280,NULL,'978-5-04-100122-3','','Эдуард Веркин – один из ярких современных российских авторов, лауреат престижных литературных премий, настоящий наследник традиций Чехова, Платонова, Лема, братьев Стругацких, Дика, Брэдбери. В 2012 году роман Веркина «Друг-апрель» был включен в список выдающихся книг мира «Белые вороны», составляемый Мюнхенской международной детской библиотекой.В своих книгах Э. Веркин с необыкновенным вниманием к мелочам показывает становление личности, переживание героями первой любви, упрямую борьбу с обстоятельствами и «непреложными законами», абсурдность и хрупкость жизни. Он говорит с читателем на своем, уникальном, узнаваемом языке.Книга состоит из двух частей «Звездолёт с перебитым крылом» и «Каникулы что надо», и в этом виде издается впервые. Это очень важно, потому что в первой части мы видим один мир, во второй другой, но только прочитанная целиком история позволяет читателю увидеть третий мир, намеренно скрытый автором.',10.00,'31.jpg');
INSERT INTO `books` (`id`, `name`, `publishers_id`, `types_id`, `publication_year`, `pages`, `part`, `isbn`, `issn`, `annotation`, `price`, `image`) VALUES (32,'Новая Ева',4,1,2019,400,NULL,'978-5-17-110129-9','','Ева – обычная девушка-подросток, но от нее зависит судьба всего мира.Ведь она – первая и единственная девочка, родившаяся за последние пятьдесят лет. Ответ на молитвы человечества. Его единственная надежда.А это значит, что в шестнадцать лет она должна выбрать партнера – одного из трех специально отобранных юношей. Но Ева уже влюблена в другого!Сможет ли она сделать правильный выбор между любовью и долгом?',10.00,'32.jpg');
INSERT INTO `books` (`id`, `name`, `publishers_id`, `types_id`, `publication_year`, `pages`, `part`, `isbn`, `issn`, `annotation`, `price`, `image`) VALUES (33,'Метро 2035: Муос. Падение',4,1,2019,470,NULL,'978-5-17-113820-2','','Что есть Истина? В поисках ответа на этот вопрос Вера готова на все. Не найдя ответа у диггеров, она пришла в спецназ, поступила в Университет, стала офицером и будет посвящена в следователи. Она пройдет весь Муос и истопчет Поверхность, оставит за собой трупы врагов и потеряет друзей.Но успеет ли Вера найти то, что ищет, до прихода в подземный мир нового апокалипсиса?..Книга содержит нецензурную брань. ',10.00,'33.jpg');
INSERT INTO `books` (`id`, `name`, `publishers_id`, `types_id`, `publication_year`, `pages`, `part`, `isbn`, `issn`, `annotation`, `price`, `image`) VALUES (34,'Я - танкист',4,1,2017,384,NULL,'978-5-17-982441-1','','Переход закинул Анатолия Суворова совсем не туда, куда он хотел, но это та же Вторая мировая. Новый мир, другая реальность – и снова приграничные районы Белоруссии и сорок первый год. Впрочем, главное – не отступать. Диверсантам и предателям не будет пощады! Надо заново строить планы и исправлять чужие ошибки. Изрядным подспорьем оказывается брошенная на дорогах войны техника, своя и чужая, а также потерянные в отступлении люди. Не важно, что это другая история, главное – Анатолий выжил и не позволит этой стране проиграть!',10.00,'34.jpg');
INSERT INTO `books` (`id`, `name`, `publishers_id`, `types_id`, `publication_year`, `pages`, `part`, `isbn`, `issn`, `annotation`, `price`, `image`) VALUES (35,'S-T-I-K-S. Шесть дней свободы',3,1,2017,480,0,'978-5-699-99473-1','','Мир Стикса – чудовищный пазл из осколков иных миров, попадающих сюда со всеми своими обитателями. Часть новоприбывших сохраняет прежнюю сущность, остальные превращаются в кровожадных монстров. Глава Азовского Союза – Герцог, чтобы остановить нашествие Черного Братства, взрывает атомную бомбу на собственной территории. В страшной неразберихе войны очаровательные воспитанницы Цветника, чья судьба стать безвольными наложницами сильных мира сего, бегут на север в поисках свободы и лучшей жизни. Впереди шесть дней невероятных приключений и схваток. И мрачное проклятие ненависти Герцога, нависающей над ними…',10.00,'35.jpg');
INSERT INTO `books` (`id`, `name`, `publishers_id`, `types_id`, `publication_year`, `pages`, `part`, `isbn`, `issn`, `annotation`, `price`, `image`) VALUES (36,'Солдат',4,1,2017,352,NULL,'978-5-17-982418-3','','Александр Иванов приходит в себя в медицинском обозе. Вокруг множество раненых в старой форме Красной Армии. Вопросы: что, где и когда – сразу отпадают. Да, это СССР образца сорок второго года. Решение Александра простое – он хочет воевать против гитлеровской Германии как обычный Солдат, вместе с предками. Выйдя из окружения под Харьковом, Александр сумел остаться в действующей армии, и в сентябре 1942 года оказывается в городе на Волге, во время самых жестоких боев. Как поведет себя мужчина двадцать первого века? Сможет ли принять действительность такой, какая она есть, и встать плечом к плечу с дедами? Или побежит в Москву с криками, что он все знает?',10.00,'36.jpg');
INSERT INTO `books` (`id`, `name`, `publishers_id`, `types_id`, `publication_year`, `pages`, `part`, `isbn`, `issn`, `annotation`, `price`, `image`) VALUES (37,'Тайны магического следствия',3,1,2017,352,NULL,'978-5-699-98288-2','','Он бывший опер легендарного МУРа. Он получил второй шанс. Теперь его зовут Рик Дональд. И он снова коп. В его мире, в котором он очутился, магия — обычная штука. Что ж, тем интереснее докапываться до истины…',10.00,'37.jpg');
INSERT INTO `books` (`id`, `name`, `publishers_id`, `types_id`, `publication_year`, `pages`, `part`, `isbn`, `issn`, `annotation`, `price`, `image`) VALUES (38,'Кольцо вокруг солнца',3,1,2016,320,NULL,'978-5-699-85084-6','','Мир иной подстерегает человека внезапно. Достаточно войти не в ту дверь или обогнуть не с той стороны холм, как ты оказываешься в чужой вселенной, где законы совсем не те, к которым ты привык на Земле. И существа, эти миры населяющие, вовсе не обязательно должны считать тебя братом по разуму…',10.00,'38.jpg');
INSERT INTO `books` (`id`, `name`, `publishers_id`, `types_id`, `publication_year`, `pages`, `part`, `isbn`, `issn`, `annotation`, `price`, `image`) VALUES (39,'Псы войны. Пробуждение Ареса',4,1,2016,320,NULL,'978-5-17-086779-0','','Стоило землянам заступиться за своих покровителей, инопланетную расу гуру, как началась полномасштабная война… И враг – убийцы-антаги – уже вышли на орбиту Марса. Майкл Венн, космодесантник, переживший несколько яростных атак, вынужден скрываться на поверхности Красной планеты. Без оружия, без пищи и воды, без малейшей надежды. Заброшенная шахта с разветвленными ходами стала временным убежищем горстки храбрецов, со всех сторон окруженных превосходящими силами противника. Это конец? Но Майкл внезапно обретает в шахте знания, которые могут изменить ход войны и заставить землян взглянуть по-новому на инопланетных врагов и друзей.',10.00,'39.jpg');
INSERT INTO `books` (`id`, `name`, `publishers_id`, `types_id`, `publication_year`, `pages`, `part`, `isbn`, `issn`, `annotation`, `price`, `image`) VALUES (40,'Галактиона. Начало игры',3,1,2016,360,NULL,'978-5-699-84129-5','','На что способен человек ради огромных денег? Да на что угодно, если на кону стоит чек на миллиард кредитов! Алексей Панкратов не слишком долго раздумывал, соглашаясь на предложение разработчиков Галактионы – компьютерной игры с полным погружением в виртуальную реальность. Еще бы! Собственный космический корабль, команда опытных игроков, заманчивые условия участия и миллиардный приз в конце! Вот только почему в проекте заинтересовано первое лицо государства и богатейший человек планеты? Какой им прок в рядовых игроках? Ответы лежат где-то там, в межзвездной бездне Галактионы…',10.00,'40.jpg');
INSERT INTO `books` (`id`, `name`, `publishers_id`, `types_id`, `publication_year`, `pages`, `part`, `isbn`, `issn`, `annotation`, `price`, `image`) VALUES (41,'Незнайка в Солнечном городе',1,1,2019,277,NULL,'78-5-389-17667-6','','Незнайка совершил подряд три добрых дела, и за это волшебник подарил ему волшебную палочку. Но предупредил, что палочка потеряет свою силу, если мальчик совершит три скверных поступка. И вот, Незнайка с друзьями, Кнопочкой и Пестреньким, отправляются в Солнечный город, где их ожидают необыкновенные приключения. На рассказах про Незнайку и его друзей выросло не одно поколение читателей. Для многих эти малютки остались любимыми детскими героями на всю жизнь. Они станут любимыми и для вашего ребенка.',10.00,'41.jpg');
INSERT INTO `books` (`id`, `name`, `publishers_id`, `types_id`, `publication_year`, `pages`, `part`, `isbn`, `issn`, `annotation`, `price`, `image`) VALUES (42,'Незнайка на Луне',1,1,2019,429,NULL,'978-5-389-17671-3','','В нашей стране нет ни одного человека, кто не знал бы имени Николая Николаевича Носова. На книгах этого замечательного автора выросло уже несколько поколений юных читателей, которые, повзрослев, с удовольствием покупают книги Носова своим детям и внукам. Вместе с ними они с упоением перечитывают смешные и поучительные рассказы про фантазёров и живую шляпу, весёлые истории про Витю Малеева и Колю Синицына. Сказочная трилогия про Незнайку и его друзей – классика детской литературы, она навсегда вошла в её золотой фонд, став национальным достоянием России. В фантастической повести «Незнайка на Луне» вы прочитаете о космических приключениях Незнайки и его друзей, которые решили отправиться в путешествие на Луну. Книга прекрасно проиллюстрирована Вадимом Челаком.',10.00,'42.jpg');
INSERT INTO `books` (`id`, `name`, `publishers_id`, `types_id`, `publication_year`, `pages`, `part`, `isbn`, `issn`, `annotation`, `price`, `image`) VALUES (43,'Фантазеры',1,1,2019,60,NULL,'978-5-389-17725-3','','Весёлые и поучительные рассказы знаменитого писателя Николая Носова с иллюстрациями не менее знаменитого художника Германа Огородникова давно стали классикой. Их знают и любят миллионы детей в нашей стране. А всё потому, что герои этих рассказов – такие же обычные ребята, любознательные, искренние, честные, ценящие дружбу. Они никогда не скучают и всегда заняты каким-нибудь интересным делом.',10.00,'43.jpg');
INSERT INTO `books` (`id`, `name`, `publishers_id`, `types_id`, `publication_year`, `pages`, `part`, `isbn`, `issn`, `annotation`, `price`, `image`) VALUES (44,'Сказка о царе Салтане',4,1,2015,50,NULL,'978-5-17-086006-7','','«Сказка о царе Салтане» впервые была издана ещё в 1832 году. С тех пор множество художников пробовали свои силы в оформлении этой сказки. В наше издание вошли иллюстрации О. Зотова. Стилизованные, лубочные иллюстрации О. Зотова были отмечены престижной премией «Золотое яблоко» на Международной биеннале в Братиславе в 1981 г. Книга предназначена детям младшего школьного возраста.',10.00,'44.jpg');
INSERT INTO `books` (`id`, `name`, `publishers_id`, `types_id`, `publication_year`, `pages`, `part`, `isbn`, `issn`, `annotation`, `price`, `image`) VALUES (45,'Ящик Пандоры',4,1,2021,350,NULL,'978-5-17-138249-0','','После того как на художницу Клэр Бодри Чейз напали и оставили умирать в её собственном доме на побережье Коннектикута, она больше не знает, кому может доверять. Её главный подозреваемый — собственный муж Гриффин, обладающий хорошими связями кандидат на кресло губернатора штата. Перед самым нападением Клэр готовила выставку, один из экспонатов которой открыто обвиняет Гриффина в жестоком преступлении, совершённом двадцать пять лет назад. Если о нём станет известно публике, политической карьере её мужа наступит конец. Клэр не сомневается, что её муж и его могущественные сторонники с лёгкостью убьют её, чтобы скрыть правду. Когда одну из знакомых Клэр убивают, полиция пытается связать преступление с нападением на саму художницу. По мере того как идёт расследование, Клэр должна решить, сколько она готова потерять, чтобы остановить своего мужа и его сторонников, которые пойдут на что угодно, чтобы защитить Гриффина и свои интересы. ',10.00,'45.jpg');
INSERT INTO `books` (`id`, `name`, `publishers_id`, `types_id`, `publication_year`, `pages`, `part`, `isbn`, `issn`, `annotation`, `price`, `image`) VALUES (46,'Холм псов',4,1,2021,830,NULL,'978-5-17-121902-4','','Писатель-неудачник Миколай Гловацкий возвращается из Варшавы в провинциальный город Зыборк. Когда-то он написал о своей малой родине роман, ставший настоящим бестселлером, но многое в нем преувеличил и исказил, изобразив Зыборк настоящим адом на земле. Впрочем, вдохновение и деньги быстро закончились, и Миколай едет домой, к отцу, которого ненавидит и боится, и в город, который искренне считает худшим местом на свете. И действительно в нем царит коррупция, властвуют криминальные авторитеты, а человеческая жизнь стоит немного. Поговаривают даже, что вся эта земля проклята. И теперь здесь стали бесследно исчезать лидеры местной общины. Когда одного из них находят в лесу, истощенного, обезумевшего, с кусками человеческой плоти, застрявшими в зубах, город охватывает паника. Никто еще не знает, что это только начало кошмара, и нити от него тянутся к зверскому убийству первой девушки Миколая, которое произошло много лет назад.',10.00,'46.jpg');
INSERT INTO `books` (`id`, `name`, `publishers_id`, `types_id`, `publication_year`, `pages`, `part`, `isbn`, `issn`, `annotation`, `price`, `image`) VALUES (47,'Другая сторона прощания',1,1,2021,360,NULL,'978-5-389-20141-5','','Одинокий старик-миллиардер понимает, что дни его сочтены. Он многого добился в этой жизни и мог бы умереть спокойно, но одно воспоминание, смешанное с чувством сожаления, преследует его. Когда-то он, калифорнийский богатый юнец, встретил мексиканскую девушку. Она забеременела, но вскоре исчезла. Родился ли у нее ребенок? И если да, то что с ним случилось? Отчаявшись узнать, есть ли у него наследник, умирающий магнат нанимает детектива Гарри Босха — единственного человека, которому он может доверять. На карту поставлено огромное состояние, и Босху ясно, какой опасности подвергается и он сам, и тот, кого он ищет. И вот детективу удается нащупать след… Эта история мистическим образом перекликается с его собственным прошлым. Теперь Босх не успокоится, пока не узнает всю правду… Впервые на русском!',10.00,'47.jpg');
INSERT INTO `books` (`id`, `name`, `publishers_id`, `types_id`, `publication_year`, `pages`, `part`, `isbn`, `issn`, `annotation`, `price`, `image`) VALUES (48,'Я все знаю',4,1,2020,280,NULL,'978-5-17-120494-5','','Детективу Сьюзен Адлер поручают непростое дело: наследница многомиллионного состояния и глава крупной благотворительной организации попадает в аварию, но, по словам криминалистов, причина ее смерти кроется совсем не в этом. Полиция прилагает огромные усилия, чтобы найти убийцу, но почти не обращает внимания на то, что мужу погибшей, известному психиатру Рэндаллу Броку, не дает покоя таинственный незнакомец в надвинутом на глаза капюшоне. У Рэндалла есть свои тайны и жестокое прошлое, о котором он не хотел бы вспоминать. Единственное, в чем Рэндалл уверен, – он не убивал свою жену. Незнакомец в капюшоне предлагает психиатру сделку: он раскроет личность убийцы в обмен на то, что Рэндалл поделится с ним секретами, которые скрывал годами.',10.00,'48.jpg');
INSERT INTO `books` (`id`, `name`, `publishers_id`, `types_id`, `publication_year`, `pages`, `part`, `isbn`, `issn`, `annotation`, `price`, `image`) VALUES (49,'Игра',4,1,2020,300,NULL,'978-5-17-119995-1','','Четверо людей бесследно исчезли в свой день рождения. Четверо людей, никак не связанных между собой: женщина-военнослужащая средних лет, мужчина, готовящийся стать отцом, успешный бухгалтер – мать двоих детей и юноша-студент. Единственное, что их объединяет, – полученные ими странные открытки с надписью: «Твой подарок – это игра. Слабо сыграть?»Полиция не торопится браться за эти дела – какое дело закону до чьих-то странных игр? Но семьи пропавших уверены: все очень и очень серьезно.Опытный психолог Огаста Блум и ее напарник Маркус Джеймсон берутся за расследование… и очень скоро приходят к шокирующему выводу: возможно, бояться надо не за четверых пропавших, а их самих.',10.00,'49.jpg');
INSERT INTO `books` (`id`, `name`, `publishers_id`, `types_id`, `publication_year`, `pages`, `part`, `isbn`, `issn`, `annotation`, `price`, `image`) VALUES (50,'Тайны моей сестры',4,1,2020,300,NULL,'978-5-17-119807-7','','Последние пятнадцать лет Кейт работала военным корреспондентом в Сирии, где видела множество смертей и ужасных событий. Сестра Кейт, Салли, ее полная противоположность: она пьет и не придерживается особых моральных норм. Когда их мать умирает, Кейт возвращается домой, но даже в собственном доме ее преследуют кошмары. Однажды девушка видит на соседском участке, принадлежащем одинокой женщине, таинственного мальчика. Теперь ей предстоит отделить правду от лжи, разобраться в себе и понять, что скрывает ее сестра. И что, если единственный человек, которому можно верить, обманывает ее?',10.00,'50.jpg');
INSERT INTO `books` (`id`, `name`, `publishers_id`, `types_id`, `publication_year`, `pages`, `part`, `isbn`, `issn`, `annotation`, `price`, `image`) VALUES (51,'Хроники Реального мира. Рождение героя',7,1,2020,300,1,'978-5-532-03698-7','','В Реальном мире вот уже несколько тысячелетий люди живут под игом империи гномов. Победив в Великих войнах древности, гномы покорили весь Реальный мир и поработили людей. Они лишили их магии и завладели всеми их городами. Но пророчество слепого пророка Ездры уже начинает исполняться, в мир придет избранник. В нем возродится магия и он сметёт империю гномов. От твердой поступи его шагов содрогнется весь Реальный мир. Исполнит ли он пророчество или потерпит поражение? Вскоре мы узнаем об этом.',10.00,'51.jpg');
INSERT INTO `books` (`id`, `name`, `publishers_id`, `types_id`, `publication_year`, `pages`, `part`, `isbn`, `issn`, `annotation`, `price`, `image`) VALUES (52,'Хроники Реального Мира. Битва за Уссури',7,1,2020,290,2,'978-5-532-04078-6','','Избранник из пророчества уже вырос и окреп. Пришло время заявить о себе. Его верные советники и друзья готовы начать новую Великую войну. Но на их пути лежит долина Уссури и правящий ею Клан белой бороды. Искусные маги и воины людей сразятся на поле брани с гномами. От исхода этой битвы зависит судьба не только империи гномов, но и всего человечества. Новые друзья и враги, новые испытания и искушения ожидают наших героев. Справятся ли они со всем этим, вскоре мы с вами это узнаем.',10.00,'52.jpg');
INSERT INTO `books` (`id`, `name`, `publishers_id`, `types_id`, `publication_year`, `pages`, `part`, `isbn`, `issn`, `annotation`, `price`, `image`) VALUES (53,'Хроники реального мира. Драконы',7,1,2020,290,3,'978-5-532-04477-7','','Восстание Адоная набирает обороты. Гномы не в силах противостоять его напору. Империя трещит по швам. Само существование гномов стоит на кону. Император Ахтамар-Ксай от духов узнает легенду о драконах и отправляет своих сыновей на их поиски. Только эти кровожадные и огнедышащие твари способны спасти их. Но получится ли это у них? Ждать осталось недолго…',10.00,'53.jpg');
INSERT INTO `books` (`id`, `name`, `publishers_id`, `types_id`, `publication_year`, `pages`, `part`, `isbn`, `issn`, `annotation`, `price`, `image`) VALUES (54,'Хроники Реального Мира. Индиго',7,1,2020,270,4,'978-5-532-04079-3','','В Реальный Мир вернулись драконы, и война между людьми и гномами вспыхнула с новой силой. Но где-то далеко на западе, за Штормовым Пределом, в сердце Грозового Пояса живут древние индиго. Некогда, еще во времена Войны Богов, они были изгнаны из Реального Мира. Но спустя десять тысяч лет, они нашли способ вернуться. Они полны мести и хотят захватить Реальный Мир. Но на их пути стоит Адонай, избранник из пророчества. Хватит ли у него сил остановить их, или построенное им царство свободных людей погибнет…',10.00,'54.jpg');
INSERT INTO `books` (`id`, `name`, `publishers_id`, `types_id`, `publication_year`, `pages`, `part`, `isbn`, `issn`, `annotation`, `price`, `image`) VALUES (55,'Хроники Реального Мира. Алгер',7,1,2020,260,5,'978-5-532-99826-1','','После возвращения древних индиго и снятия проклятий с драконов, Реальный Мир разделился на четыре части. Гномы, люди, драконы и индиго владели своей частью, но война на этом не остановилась. Она лишь взяла паузу, чтобы вернуться и забрать самых лучших и сильных. Мечты Адоная о свободном царстве людей рушатся с каждым следующим днем. Великий князь судорожно ищет выход из сложившейся ситуации и находит его. Выходом становится — Алгер. Но станет ли он тем, кем хочет видеть его Адонай, или выберет себе иную судьбу? Смирится ли он с ролью палача, или бросит вызов своему создателю? Уже очень скоро все тайны и загадки Реального Мира окажутся раскрыты. Ждать осталось совсем недолго.',10.00,'55.jpg');
INSERT INTO `books` (`id`, `name`, `publishers_id`, `types_id`, `publication_year`, `pages`, `part`, `isbn`, `issn`, `annotation`, `price`, `image`) VALUES (56,'Запасной инстинкт',3,1,2008,320,NULL,'978-5-699-28674-4','','Арсений Троепольский признавал в жизни только одно - работу. Она была его пищей, его возлюбленной, его развлечением. Дизайнерская компьютерная фирма, которую он возглавлял, процветала. И вот внезапно гром грянул среди ясного неба. Убили зама Троепольского, гения дизайна Федора Грекова. Самое ужасное, что его труп нашел... Арсений. Отсидев три дня в кутузке как главный подозреваемый, он наконец появился в конторе, но возвращение к любимой работе его отнюдь не обрадовало. Пытаясь понять, за что убили Федю, он обнаружил, что все вокруг лгут - сотрудники, любовница, сестра и племянница покойного. Но его мозг, работающий как компьютер, все разложил по полочкам. И гора лжи рухнула и погребла под собой всех \"достойных\"... ',10.00,'56.jpg');
INSERT INTO `books` (`id`, `name`, `publishers_id`, `types_id`, `publication_year`, `pages`, `part`, `isbn`, `issn`, `annotation`, `price`, `image`) VALUES (57,'Жилье по обману',3,1,2020,190,NULL,'978-5-04-110210-4','','Великолепный литературный дуэт Татьяны Устиновой и Павла Астахова продолжает цикл «Дела судебные» и раскрывает в новом романе как нельзя более актуальную тему – жилищного строительства и обманутых дольщиков. Судья Лена Кузнецова пытается установить – кто они, мошенники, лишающие людей крыши над головой? Как призвать их к ответу? Попутно ей приходится решать семейные проблемы, странным образом тоже связанные с наболевшим квартирным вопросом…',10.00,'57.jpg');
INSERT INTO `books` (`id`, `name`, `publishers_id`, `types_id`, `publication_year`, `pages`, `part`, `isbn`, `issn`, `annotation`, `price`, `image`) VALUES (58,'Не девичья память',3,1,2019,384,NULL,'978-5-04-103283-8','','Город Н-ск еще никогда не видел подобных преступлений. Молодой человек был жестоко убит на съемной квартире, причем сделали это, судя по всему, женщины! Его мать, воспитывавшая единственного сына в одиночку, безутешна. Единственное, чего она теперь хочет, — справедливости. А кто поможет ее добиться, как не блестящий частный детектив Мирослава Волгина? Но чем дальше продвигается дело, тем яснее становится — жертв в этой истории гораздо больше…',10.00,'58.jpg');
INSERT INTO `books` (`id`, `name`, `publishers_id`, `types_id`, `publication_year`, `pages`, `part`, `isbn`, `issn`, `annotation`, `price`, `image`) VALUES (59,'Последний вечер встречи',3,1,2019,320,NULL,'978-5-04-105760-2','','Вечер встречи одноклассников заканчивается трагически: признанный лидер класса, ныне успешный бизнесмен Влад Куличенко, убивает свою давнюю любовницу Машу. Вскоре подруга Маши Кристина оказывается в психушке: кто-то скомпрометировал ее в глазах любимого мужа, и тот выгнал жену из дома. Потом лучший друг Куличенко погибает в автоаварии… Из компании друзей, когда-то терроризировавших всю школу, остается одна Вика, но и она получает сообщения с угрозами. Насмерть перепуганная, Вика спешно уезжает из Москвы, но понимает, что скрыться от своего прошлого все равно не получится…',10.00,'59.jpg');
INSERT INTO `books` (`id`, `name`, `publishers_id`, `types_id`, `publication_year`, `pages`, `part`, `isbn`, `issn`, `annotation`, `price`, `image`) VALUES (60,'Возвращение',3,1,2019,384,NULL,'978-5-04-106146-3','','2018 год. Кажется, это начало новой неслыханной эпидемии. Людей сводят с ума воспоминания, им не принадлежащие. Детектив Барри Саттон расследует самоубийство: женщина покончила с собой из-за тоски по мужу и сыну, которых у нее никогда не было. Откуда взялся этот синдром ложной памяти?2007 год. Каждый имеет право заново как наяву пережить первый поцелуй, рождение ребенка – в общем, лучшие моменты жизни. Одержимая этой мечтой, нейробиолог Хелена Смит упорно работает над технологией, которая позволит сделать это. И не только…???? год. Игры с памятью, оказывается, невероятно опасны. Один неосторожный или злонамеренный шаг – и мир затрещит по швам. Барри и Хелена убедились в этом на собственном жутком опыте. Они не единственные, кто все понимает. Но единственные, кто способен предотвратить катастрофу. Нужно только правильно выбрать воспоминание…',10.00,'60.jpg');
INSERT INTO `books` (`id`, `name`, `publishers_id`, `types_id`, `publication_year`, `pages`, `part`, `isbn`, `issn`, `annotation`, `price`, `image`) VALUES (61,'Новости со всех концов света',4,1,2021,200,NULL,'978-5-17-134110-7','','Кажется, кровопролитным «индейским войнам» на Западе США никогда не будет конца. Белые и краснокожие, осатанев от взаимной ненависти, безжалостно истребляют друг друга. Правда, десятилетнюю Джоанну Леонбергер, как и других белых детей, индейцы увезли с собой, чтобы воспитать в своих племенных традициях.Капитан Кидд, ветеран многих войн, привык жить сегодняшним днем, странствуя от поселения к поселению, где он зарабатывает публичным чтением газет для малограмотных покорителей Дикого Запада. Но на этот раз у него другое, более выгодное задание – сопроводить Джоанну через весь Техас к дяде и тете, которым чудом удалось разыскать и выкупить ее у индейцев.Они едут через бескрайние прерии – старик, умеющий стрелять без промаха, и девочка, не знающая ни слова по-английски. Едут по диким землям, где нужно постоянно держаться начеку, ведь смертельная опасность подстерегает на каждом шагу, за каждым поворотом…',10.00,'61.jpg');
INSERT INTO `books` (`id`, `name`, `publishers_id`, `types_id`, `publication_year`, `pages`, `part`, `isbn`, `issn`, `annotation`, `price`, `image`) VALUES (62,'Меч королей',1,1,2021,400,NULL,'978-5-389-19991-0','','Король Альфред Великий в своих мечтах видел Британию единым государством, и его сын Эдуард свято следовал заветам отца, однако перед смертью изъявил последнюю волю: королевство должно быть разделено. Это известие врасплох застает Утреда Беббанбургского, великого полководца, в свое время давшего клятву верности королю Альфреду. И еще одна мучительная клятва жжет его сердце, а слово надо держать крепко… Покинув родовое гнездо, он отправляется в те края, где его называют не иначе как Утред Язычник, Утред Безбожник, Утред Предатель. Назревает гражданская война, и пока две враждующие стороны собирают армии, неумолимая судьба влечет лорда Утреда в город Лунден. Здесь состоится жестокая схватка, в ходе которой решится судьба страны… Двенадцатый роман из цикла «Саксонские хроники». Впервые на русском!',10.00,'62.jpg');
INSERT INTO `books` (`id`, `name`, `publishers_id`, `types_id`, `publication_year`, `pages`, `part`, `isbn`, `issn`, `annotation`, `price`, `image`) VALUES (63,'Несущий огонь',1,1,2019,400,NULL,'978-5-389-15878-8','','Во всей средневековой Британии не найдется более доблестного воина, чем Утред. Одаренный и опытный полководец, он пролил много крови ради сильных мира сего, но теперь, когда английские королевства заключили перемирие, пришло время повоевать за собственные идеалы. С давних пор Утредом владеет одна мечта: вернуть свое родовое гнездо – крепость Беббанбург, которую отняли у него вероломством. Как утверждает молва, эту великую твердыню можно взять лишь с помощью предательства или измором, – и вот к стенам крепости стянуты немалые воинские силы. Предвкушение победы пьянит уверенного в себе и своей армии Утреда, но нежданное вторжение нового врага, могущественного шотландского короля, меняет его планы… Шаткий британский мир грозит обернуться очередной кровопролитной войной. Десятый роман из цикла «Саксонские хроники». Впервые на русском языке!',10.00,'63.jpg');
INSERT INTO `books` (`id`, `name`, `publishers_id`, `types_id`, `publication_year`, `pages`, `part`, `isbn`, `issn`, `annotation`, `price`, `image`) VALUES (64,'Гнездо ласточки',3,1,2013,320,NULL,'978-5-699-68595-0','','Его считают образцовым семьянином, его жене завидуют, а дочь, которой не было в родном доме более десяти лет, считают неблагодарной. Никто не верит Кире, когда она пытается изобличить изверга-отца, ведь горожанам удобнее видеть в нем храброго полицейского и настоящего мужчину. Вернувшись в родное гнездо спустя годы, Кира понимает, что ничего не изменилось, и дома – того самого, в котором помогают даже стены, – у девушки по-прежнему нет. Чтобы построить новый, настоящий дом, ей потребуется пройти нелегкие испытания. ',10.00,'64.jpg');
INSERT INTO `books` (`id`, `name`, `publishers_id`, `types_id`, `publication_year`, `pages`, `part`, `isbn`, `issn`, `annotation`, `price`, `image`) VALUES (65,'Злюка',3,1,2012,320,NULL,'978-5-699-59493-1','','Марго часто называли злюкой. Ровно потому, что она не находила нужным лицемерить, сюсюкать и умиляться при виде пушистых котят и толстощеких розовых младенцев. Но это вовсе не значит, что она не умела чувствовать. Напротив, Марго как раз из тех женщин, что умеют пронести любовь через всю свою жизнь. Только вот подходящий ли объект она выбрала?…',10.00,'65.jpg');
INSERT INTO `books` (`id`, `name`, `publishers_id`, `types_id`, `publication_year`, `pages`, `part`, `isbn`, `issn`, `annotation`, `price`, `image`) VALUES (66,'Песчаный рай',3,1,2012,320,NULL,'978-5-699-58569-4','','Дина жила словно в раю: страстно влюбленный муж, уютный дом, хорошая репутация – что еще нужно женщине?.. Но рай этот оказался непрочным, он рассыпался песком при малейшем дуновении ветра. Муж обманул и предал, дом не дал ожидаемой защиты, а репутация оказалась безнадежно погублена. Теперь Дине придется выстраивать жизнь заново. Вот только прежде нужно сбежать из кромешного ада, возникшего на руинах былого рая, а это не так-то просто.',10.00,'66.jpg');
INSERT INTO `books` (`id`, `name`, `publishers_id`, `types_id`, `publication_year`, `pages`, `part`, `isbn`, `issn`, `annotation`, `price`, `image`) VALUES (67,'Одноклассница.ru',3,1,2009,352,NULL,'978-5-699-35472-6','','Много лет Вероника считала себя счастливой. Она была уверена, что ее окружают только любящие люди и все у нее хорошо. Но в снах приходили к ней смутные воспоминания о последнем школьном звонке - запах сирени, майская прохлада, голоса бывших одноклассников... А что, если найти того, в кого она была влюблена двадцать лет назад? Просто посмотреть на этого человека, и ничего больше! Позволить себе сентиментальное путешествие в тот далекий май... Но неожиданно Вероника находит в своем прошлом тайны, которые так и остались неразгаданными. Старое школьное фото становится пропуском в бездну, запах сирени превращается в яд, а первая любовь оказывается сильнее смерти...',10.00,'67.jpg');
INSERT INTO `books` (`id`, `name`, `publishers_id`, `types_id`, `publication_year`, `pages`, `part`, `isbn`, `issn`, `annotation`, `price`, `image`) VALUES (68,'Не стирайте поцелуи',7,1,2009,210,1,'978-5-532-94016-1','','Основная проблема Леи – она вечный «второй сорт». Это кого-то любят, по ком-то страдают, сходят с ума, а с ней - просто удобно. У Лео свои сложности: после несчастного случая он не может стоять и ходить, но хуже всего боль в спине, настолько сильная, что, порой, вышибающая сознание. Но и это не самое страшное. Лео, похоже, однолюб. Отвергнутый. Два одиночества познакомятся в сети, встретятся меньше чем через сутки и сразу начнут жить вместе. Всё не как у людей – ни любви, ни даже взаимного притяжения. Но парадокс в том, что уже через несколько месяцев эти двое не смогут существовать друг без друга. Правда, ровно до тех пор, пока на сцене не появится Карла – первая любовь Лео. Неприкаянная.',10.00,'68.jpg');
INSERT INTO `books` (`id`, `name`, `publishers_id`, `types_id`, `publication_year`, `pages`, `part`, `isbn`, `issn`, `annotation`, `price`, `image`) VALUES (69,'Не стирайте поцелуи',7,1,2021,270,2,'978-5-532-93878-6','','Лея уверена, что любовью лечат заблудшие души и в прямом смысле ставят на ноги тех, кто не может ходить. Осталось выяснить, можно ли любовь заслужить, ведь Лее так этого хочется – её никто ещё не любил. Всё было бы просто, если бы не было так сложно: Лео давно и безнадёжно влюблён в Карлу – свою бывшую жену.',10.00,'69.jpg');
INSERT INTO `books` (`id`, `name`, `publishers_id`, `types_id`, `publication_year`, `pages`, `part`, `isbn`, `issn`, `annotation`, `price`, `image`) VALUES (70,'Секрет за секрет',3,1,2021,290,NULL,'978-5-04-161725-7','','Райан Кингстон всегда считал себя здравомыслящим мужчиной. Профессиональный спортсмен, хоккеист, совсем не тот типаж, кто может затеять пьяную драку или подцепить в баре девушку на одну ночь.Но эта ночь стала особенной, поначалу – не в лучшем смысле.Кингстон узнает, что его семья скрывала от него правду о его происхождении. Как тут не пуститься во все тяжкие?Компанию ему составляет случайная знакомая по имени Куини, у которой тоже ворох проблем, и она не прочь забыться.Похоже, это любовь с первого взгляда. Увы, наутро Куини ускользает от Кингстона по-английски. Когда он видит ее в следующий раз, оказывается, что подойди он к ней хоть на шаг – лишится карьеры, и это как минимум. Но он не привык сдаваться.',10.00,'70.jpg');
UNLOCK TABLES;

--
-- Dumping data for table `books_authors`
--
LOCK TABLES `books_authors` WRITE;
INSERT INTO `books_authors` (`books_id`, `authors_id`) VALUES (1,1);
INSERT INTO `books_authors` (`books_id`, `authors_id`) VALUES (2,1);
INSERT INTO `books_authors` (`books_id`, `authors_id`) VALUES (17,1);
INSERT INTO `books_authors` (`books_id`, `authors_id`) VALUES (41,1);
INSERT INTO `books_authors` (`books_id`, `authors_id`) VALUES (42,1);
INSERT INTO `books_authors` (`books_id`, `authors_id`) VALUES (43,1);
INSERT INTO `books_authors` (`books_id`, `authors_id`) VALUES (3,2);
INSERT INTO `books_authors` (`books_id`, `authors_id`) VALUES (44,2);
INSERT INTO `books_authors` (`books_id`, `authors_id`) VALUES (4,3);
INSERT INTO `books_authors` (`books_id`, `authors_id`) VALUES (6,3);
INSERT INTO `books_authors` (`books_id`, `authors_id`) VALUES (12,3);
INSERT INTO `books_authors` (`books_id`, `authors_id`) VALUES (13,3);
INSERT INTO `books_authors` (`books_id`, `authors_id`) VALUES (14,3);
INSERT INTO `books_authors` (`books_id`, `authors_id`) VALUES (15,3);
INSERT INTO `books_authors` (`books_id`, `authors_id`) VALUES (5,4);
INSERT INTO `books_authors` (`books_id`, `authors_id`) VALUES (7,5);
INSERT INTO `books_authors` (`books_id`, `authors_id`) VALUES (9,5);
INSERT INTO `books_authors` (`books_id`, `authors_id`) VALUES (8,6);
INSERT INTO `books_authors` (`books_id`, `authors_id`) VALUES (10,7);
INSERT INTO `books_authors` (`books_id`, `authors_id`) VALUES (11,8);
INSERT INTO `books_authors` (`books_id`, `authors_id`) VALUES (45,9);
INSERT INTO `books_authors` (`books_id`, `authors_id`) VALUES (18,10);
INSERT INTO `books_authors` (`books_id`, `authors_id`) VALUES (19,11);
INSERT INTO `books_authors` (`books_id`, `authors_id`) VALUES (20,12);
INSERT INTO `books_authors` (`books_id`, `authors_id`) VALUES (21,13);
INSERT INTO `books_authors` (`books_id`, `authors_id`) VALUES (22,14);
INSERT INTO `books_authors` (`books_id`, `authors_id`) VALUES (23,15);
INSERT INTO `books_authors` (`books_id`, `authors_id`) VALUES (24,16);
INSERT INTO `books_authors` (`books_id`, `authors_id`) VALUES (25,17);
INSERT INTO `books_authors` (`books_id`, `authors_id`) VALUES (26,17);
INSERT INTO `books_authors` (`books_id`, `authors_id`) VALUES (27,18);
INSERT INTO `books_authors` (`books_id`, `authors_id`) VALUES (28,19);
INSERT INTO `books_authors` (`books_id`, `authors_id`) VALUES (29,20);
INSERT INTO `books_authors` (`books_id`, `authors_id`) VALUES (30,21);
INSERT INTO `books_authors` (`books_id`, `authors_id`) VALUES (31,22);
INSERT INTO `books_authors` (`books_id`, `authors_id`) VALUES (32,23);
INSERT INTO `books_authors` (`books_id`, `authors_id`) VALUES (32,24);
INSERT INTO `books_authors` (`books_id`, `authors_id`) VALUES (33,25);
INSERT INTO `books_authors` (`books_id`, `authors_id`) VALUES (34,26);
INSERT INTO `books_authors` (`books_id`, `authors_id`) VALUES (35,27);
INSERT INTO `books_authors` (`books_id`, `authors_id`) VALUES (35,28);
INSERT INTO `books_authors` (`books_id`, `authors_id`) VALUES (36,29);
INSERT INTO `books_authors` (`books_id`, `authors_id`) VALUES (37,30);
INSERT INTO `books_authors` (`books_id`, `authors_id`) VALUES (38,31);
INSERT INTO `books_authors` (`books_id`, `authors_id`) VALUES (39,32);
INSERT INTO `books_authors` (`books_id`, `authors_id`) VALUES (40,33);
INSERT INTO `books_authors` (`books_id`, `authors_id`) VALUES (46,34);
INSERT INTO `books_authors` (`books_id`, `authors_id`) VALUES (47,35);
INSERT INTO `books_authors` (`books_id`, `authors_id`) VALUES (48,36);
INSERT INTO `books_authors` (`books_id`, `authors_id`) VALUES (49,37);
INSERT INTO `books_authors` (`books_id`, `authors_id`) VALUES (50,38);
INSERT INTO `books_authors` (`books_id`, `authors_id`) VALUES (51,39);
INSERT INTO `books_authors` (`books_id`, `authors_id`) VALUES (52,39);
INSERT INTO `books_authors` (`books_id`, `authors_id`) VALUES (53,39);
INSERT INTO `books_authors` (`books_id`, `authors_id`) VALUES (54,39);
INSERT INTO `books_authors` (`books_id`, `authors_id`) VALUES (55,39);
INSERT INTO `books_authors` (`books_id`, `authors_id`) VALUES (56,40);
INSERT INTO `books_authors` (`books_id`, `authors_id`) VALUES (57,40);
INSERT INTO `books_authors` (`books_id`, `authors_id`) VALUES (57,41);
INSERT INTO `books_authors` (`books_id`, `authors_id`) VALUES (58,42);
INSERT INTO `books_authors` (`books_id`, `authors_id`) VALUES (59,43);
INSERT INTO `books_authors` (`books_id`, `authors_id`) VALUES (60,44);
INSERT INTO `books_authors` (`books_id`, `authors_id`) VALUES (61,45);
INSERT INTO `books_authors` (`books_id`, `authors_id`) VALUES (62,46);
INSERT INTO `books_authors` (`books_id`, `authors_id`) VALUES (63,46);
INSERT INTO `books_authors` (`books_id`, `authors_id`) VALUES (64,47);
INSERT INTO `books_authors` (`books_id`, `authors_id`) VALUES (65,47);
INSERT INTO `books_authors` (`books_id`, `authors_id`) VALUES (66,47);
INSERT INTO `books_authors` (`books_id`, `authors_id`) VALUES (67,47);
INSERT INTO `books_authors` (`books_id`, `authors_id`) VALUES (68,48);
INSERT INTO `books_authors` (`books_id`, `authors_id`) VALUES (69,48);
INSERT INTO `books_authors` (`books_id`, `authors_id`) VALUES (70,49);
INSERT INTO `books_authors` (`books_id`, `authors_id`) VALUES (16,50);
UNLOCK TABLES;

--
-- Dumping data for table `books_genres`
--
LOCK TABLES `books_genres` WRITE;
INSERT INTO `books_genres` (`books_id`, `genres_id`) VALUES (1,1);
INSERT INTO `books_genres` (`books_id`, `genres_id`) VALUES (2,1);
INSERT INTO `books_genres` (`books_id`, `genres_id`) VALUES (3,1);
INSERT INTO `books_genres` (`books_id`, `genres_id`) VALUES (13,1);
INSERT INTO `books_genres` (`books_id`, `genres_id`) VALUES (17,1);
INSERT INTO `books_genres` (`books_id`, `genres_id`) VALUES (41,1);
INSERT INTO `books_genres` (`books_id`, `genres_id`) VALUES (42,1);
INSERT INTO `books_genres` (`books_id`, `genres_id`) VALUES (43,1);
INSERT INTO `books_genres` (`books_id`, `genres_id`) VALUES (44,1);
INSERT INTO `books_genres` (`books_id`, `genres_id`) VALUES (1,2);
INSERT INTO `books_genres` (`books_id`, `genres_id`) VALUES (2,2);
INSERT INTO `books_genres` (`books_id`, `genres_id`) VALUES (61,2);
INSERT INTO `books_genres` (`books_id`, `genres_id`) VALUES (62,2);
INSERT INTO `books_genres` (`books_id`, `genres_id`) VALUES (4,3);
INSERT INTO `books_genres` (`books_id`, `genres_id`) VALUES (5,3);
INSERT INTO `books_genres` (`books_id`, `genres_id`) VALUES (6,3);
INSERT INTO `books_genres` (`books_id`, `genres_id`) VALUES (7,3);
INSERT INTO `books_genres` (`books_id`, `genres_id`) VALUES (8,3);
INSERT INTO `books_genres` (`books_id`, `genres_id`) VALUES (9,3);
INSERT INTO `books_genres` (`books_id`, `genres_id`) VALUES (10,3);
INSERT INTO `books_genres` (`books_id`, `genres_id`) VALUES (11,3);
INSERT INTO `books_genres` (`books_id`, `genres_id`) VALUES (12,3);
INSERT INTO `books_genres` (`books_id`, `genres_id`) VALUES (14,3);
INSERT INTO `books_genres` (`books_id`, `genres_id`) VALUES (18,3);
INSERT INTO `books_genres` (`books_id`, `genres_id`) VALUES (63,3);
INSERT INTO `books_genres` (`books_id`, `genres_id`) VALUES (3,4);
INSERT INTO `books_genres` (`books_id`, `genres_id`) VALUES (13,4);
INSERT INTO `books_genres` (`books_id`, `genres_id`) VALUES (44,4);
INSERT INTO `books_genres` (`books_id`, `genres_id`) VALUES (4,5);
INSERT INTO `books_genres` (`books_id`, `genres_id`) VALUES (15,5);
INSERT INTO `books_genres` (`books_id`, `genres_id`) VALUES (16,5);
INSERT INTO `books_genres` (`books_id`, `genres_id`) VALUES (45,6);
INSERT INTO `books_genres` (`books_id`, `genres_id`) VALUES (46,6);
INSERT INTO `books_genres` (`books_id`, `genres_id`) VALUES (47,6);
INSERT INTO `books_genres` (`books_id`, `genres_id`) VALUES (48,6);
INSERT INTO `books_genres` (`books_id`, `genres_id`) VALUES (49,6);
INSERT INTO `books_genres` (`books_id`, `genres_id`) VALUES (50,6);
INSERT INTO `books_genres` (`books_id`, `genres_id`) VALUES (19,7);
INSERT INTO `books_genres` (`books_id`, `genres_id`) VALUES (20,7);
INSERT INTO `books_genres` (`books_id`, `genres_id`) VALUES (21,7);
INSERT INTO `books_genres` (`books_id`, `genres_id`) VALUES (22,7);
INSERT INTO `books_genres` (`books_id`, `genres_id`) VALUES (23,7);
INSERT INTO `books_genres` (`books_id`, `genres_id`) VALUES (24,7);
INSERT INTO `books_genres` (`books_id`, `genres_id`) VALUES (25,7);
INSERT INTO `books_genres` (`books_id`, `genres_id`) VALUES (26,7);
INSERT INTO `books_genres` (`books_id`, `genres_id`) VALUES (27,7);
INSERT INTO `books_genres` (`books_id`, `genres_id`) VALUES (28,7);
INSERT INTO `books_genres` (`books_id`, `genres_id`) VALUES (29,7);
INSERT INTO `books_genres` (`books_id`, `genres_id`) VALUES (30,7);
INSERT INTO `books_genres` (`books_id`, `genres_id`) VALUES (31,7);
INSERT INTO `books_genres` (`books_id`, `genres_id`) VALUES (32,7);
INSERT INTO `books_genres` (`books_id`, `genres_id`) VALUES (33,7);
INSERT INTO `books_genres` (`books_id`, `genres_id`) VALUES (34,7);
INSERT INTO `books_genres` (`books_id`, `genres_id`) VALUES (35,7);
INSERT INTO `books_genres` (`books_id`, `genres_id`) VALUES (36,7);
INSERT INTO `books_genres` (`books_id`, `genres_id`) VALUES (37,7);
INSERT INTO `books_genres` (`books_id`, `genres_id`) VALUES (38,7);
INSERT INTO `books_genres` (`books_id`, `genres_id`) VALUES (39,7);
INSERT INTO `books_genres` (`books_id`, `genres_id`) VALUES (40,7);
INSERT INTO `books_genres` (`books_id`, `genres_id`) VALUES (51,8);
INSERT INTO `books_genres` (`books_id`, `genres_id`) VALUES (52,8);
INSERT INTO `books_genres` (`books_id`, `genres_id`) VALUES (53,8);
INSERT INTO `books_genres` (`books_id`, `genres_id`) VALUES (54,8);
INSERT INTO `books_genres` (`books_id`, `genres_id`) VALUES (55,8);
INSERT INTO `books_genres` (`books_id`, `genres_id`) VALUES (56,9);
INSERT INTO `books_genres` (`books_id`, `genres_id`) VALUES (57,9);
INSERT INTO `books_genres` (`books_id`, `genres_id`) VALUES (58,9);
INSERT INTO `books_genres` (`books_id`, `genres_id`) VALUES (59,9);
INSERT INTO `books_genres` (`books_id`, `genres_id`) VALUES (60,9);
INSERT INTO `books_genres` (`books_id`, `genres_id`) VALUES (16,10);
INSERT INTO `books_genres` (`books_id`, `genres_id`) VALUES (64,10);
INSERT INTO `books_genres` (`books_id`, `genres_id`) VALUES (65,10);
INSERT INTO `books_genres` (`books_id`, `genres_id`) VALUES (66,10);
INSERT INTO `books_genres` (`books_id`, `genres_id`) VALUES (67,10);
INSERT INTO `books_genres` (`books_id`, `genres_id`) VALUES (68,10);
INSERT INTO `books_genres` (`books_id`, `genres_id`) VALUES (69,10);
INSERT INTO `books_genres` (`books_id`, `genres_id`) VALUES (70,10);
UNLOCK TABLES;

--
-- Dumping data for table `instances`
--
LOCK TABLES `instances` WRITE;
INSERT INTO `instances` (`id`, `books_id`, `number`, `halls_id`, `date_received`, `date_write_off`) VALUES (1,60,'ДТ0001',1,'2019-06-09',NULL);
INSERT INTO `instances` (`id`, `books_id`, `number`, `halls_id`, `date_received`, `date_write_off`) VALUES (2,60,'ДТ0002',1,'2019-06-09',NULL);
INSERT INTO `instances` (`id`, `books_id`, `number`, `halls_id`, `date_received`, `date_write_off`) VALUES (3,60,'ДТ0003',1,'2019-06-09',NULL);
INSERT INTO `instances` (`id`, `books_id`, `number`, `halls_id`, `date_received`, `date_write_off`) VALUES (5,57,'ДТ0005',1,'2020-09-25',NULL);
INSERT INTO `instances` (`id`, `books_id`, `number`, `halls_id`, `date_received`, `date_write_off`) VALUES (6,57,'ДТ0006',1,'2020-09-25',NULL);
INSERT INTO `instances` (`id`, `books_id`, `number`, `halls_id`, `date_received`, `date_write_off`) VALUES (7,57,'ДТ0007',1,'2020-09-25',NULL);
INSERT INTO `instances` (`id`, `books_id`, `number`, `halls_id`, `date_received`, `date_write_off`) VALUES (8,57,'ДТ0008/Ч',2,'2020-09-25',NULL);
INSERT INTO `instances` (`id`, `books_id`, `number`, `halls_id`, `date_received`, `date_write_off`) VALUES (9,56,'ДТ0009',1,'2008-11-15',NULL);
INSERT INTO `instances` (`id`, `books_id`, `number`, `halls_id`, `date_received`, `date_write_off`) VALUES (10,56,'ДТ0010',1,'2008-11-15',NULL);
INSERT INTO `instances` (`id`, `books_id`, `number`, `halls_id`, `date_received`, `date_write_off`) VALUES (11,56,'ДТ0011',1,'2008-11-15',NULL);
INSERT INTO `instances` (`id`, `books_id`, `number`, `halls_id`, `date_received`, `date_write_off`) VALUES (12,56,'ДТ0012/Ч',2,'2008-11-15',NULL);
INSERT INTO `instances` (`id`, `books_id`, `number`, `halls_id`, `date_received`, `date_write_off`) VALUES (13,58,'ДТ0013',1,'2019-09-26',NULL);
INSERT INTO `instances` (`id`, `books_id`, `number`, `halls_id`, `date_received`, `date_write_off`) VALUES (14,58,'ДТ0014',1,'2019-09-26',NULL);
INSERT INTO `instances` (`id`, `books_id`, `number`, `halls_id`, `date_received`, `date_write_off`) VALUES (15,58,'ДТ0015',1,'2019-09-26',NULL);
INSERT INTO `instances` (`id`, `books_id`, `number`, `halls_id`, `date_received`, `date_write_off`) VALUES (16,58,'ДТ0016/Ч',2,'2019-09-26',NULL);
INSERT INTO `instances` (`id`, `books_id`, `number`, `halls_id`, `date_received`, `date_write_off`) VALUES (17,59,'ДТ0017',1,'2019-12-14',NULL);
INSERT INTO `instances` (`id`, `books_id`, `number`, `halls_id`, `date_received`, `date_write_off`) VALUES (18,59,'ДТ0018',1,'2019-12-14',NULL);
INSERT INTO `instances` (`id`, `books_id`, `number`, `halls_id`, `date_received`, `date_write_off`) VALUES (19,1,'ДЕ0001',1,'2019-10-24',NULL);
INSERT INTO `instances` (`id`, `books_id`, `number`, `halls_id`, `date_received`, `date_write_off`) VALUES (20,1,'ДЕ0002',1,'2019-10-24',NULL);
INSERT INTO `instances` (`id`, `books_id`, `number`, `halls_id`, `date_received`, `date_write_off`) VALUES (21,1,'ДЕ0003',1,'2019-10-24',NULL);
INSERT INTO `instances` (`id`, `books_id`, `number`, `halls_id`, `date_received`, `date_write_off`) VALUES (23,13,'ДЕ0005',1,'2021-07-25',NULL);
INSERT INTO `instances` (`id`, `books_id`, `number`, `halls_id`, `date_received`, `date_write_off`) VALUES (24,13,'ДЕ0006',1,'2021-07-25',NULL);
INSERT INTO `instances` (`id`, `books_id`, `number`, `halls_id`, `date_received`, `date_write_off`) VALUES (25,13,'ДЕ0007',1,'2021-07-25',NULL);
INSERT INTO `instances` (`id`, `books_id`, `number`, `halls_id`, `date_received`, `date_write_off`) VALUES (26,13,'ДЕ0008',1,'2021-07-25',NULL);
INSERT INTO `instances` (`id`, `books_id`, `number`, `halls_id`, `date_received`, `date_write_off`) VALUES (27,13,'ДЕ0009',1,'2021-07-25',NULL);
INSERT INTO `instances` (`id`, `books_id`, `number`, `halls_id`, `date_received`, `date_write_off`) VALUES (28,13,'ДЕ0010/Ч',2,'2021-07-25',NULL);
INSERT INTO `instances` (`id`, `books_id`, `number`, `halls_id`, `date_received`, `date_write_off`) VALUES (29,41,'ДЕ0011',1,'2019-09-23',NULL);
INSERT INTO `instances` (`id`, `books_id`, `number`, `halls_id`, `date_received`, `date_write_off`) VALUES (30,41,'ДЕ0012',1,'2019-09-23',NULL);
INSERT INTO `instances` (`id`, `books_id`, `number`, `halls_id`, `date_received`, `date_write_off`) VALUES (31,41,'ДЕ0013',1,'2019-09-23',NULL);
INSERT INTO `instances` (`id`, `books_id`, `number`, `halls_id`, `date_received`, `date_write_off`) VALUES (32,41,'ДЕ0014',1,'2019-09-23',NULL);
INSERT INTO `instances` (`id`, `books_id`, `number`, `halls_id`, `date_received`, `date_write_off`) VALUES (33,41,'ДЕ0015/Ч',2,'2019-09-23',NULL);
INSERT INTO `instances` (`id`, `books_id`, `number`, `halls_id`, `date_received`, `date_write_off`) VALUES (34,42,'ДЕ0016',1,'2019-10-02',NULL);
INSERT INTO `instances` (`id`, `books_id`, `number`, `halls_id`, `date_received`, `date_write_off`) VALUES (35,42,'ДЕ0017',1,'2019-10-02',NULL);
INSERT INTO `instances` (`id`, `books_id`, `number`, `halls_id`, `date_received`, `date_write_off`) VALUES (36,42,'ДЕ0018',1,'2019-10-02',NULL);
INSERT INTO `instances` (`id`, `books_id`, `number`, `halls_id`, `date_received`, `date_write_off`) VALUES (37,42,'ДЕ0019',1,'2019-10-02',NULL);
INSERT INTO `instances` (`id`, `books_id`, `number`, `halls_id`, `date_received`, `date_write_off`) VALUES (38,42,'ДЕ0020/Ч',2,'2019-10-02',NULL);
INSERT INTO `instances` (`id`, `books_id`, `number`, `halls_id`, `date_received`, `date_write_off`) VALUES (39,17,'ДЕ0021',1,'2019-10-05',NULL);
INSERT INTO `instances` (`id`, `books_id`, `number`, `halls_id`, `date_received`, `date_write_off`) VALUES (40,17,'ДЕ0022',1,'2019-10-05',NULL);
INSERT INTO `instances` (`id`, `books_id`, `number`, `halls_id`, `date_received`, `date_write_off`) VALUES (41,17,'ДЕ0023',1,'2019-10-05',NULL);
INSERT INTO `instances` (`id`, `books_id`, `number`, `halls_id`, `date_received`, `date_write_off`) VALUES (42,17,'ДЕ0024/Ч',2,'2019-10-05',NULL);
INSERT INTO `instances` (`id`, `books_id`, `number`, `halls_id`, `date_received`, `date_write_off`) VALUES (43,44,'ДЕ0025',1,'2015-08-12',NULL);
INSERT INTO `instances` (`id`, `books_id`, `number`, `halls_id`, `date_received`, `date_write_off`) VALUES (44,44,'ДЕ0026',1,'2015-08-12',NULL);
INSERT INTO `instances` (`id`, `books_id`, `number`, `halls_id`, `date_received`, `date_write_off`) VALUES (45,44,'ДЕ0027',1,'2015-08-12',NULL);
INSERT INTO `instances` (`id`, `books_id`, `number`, `halls_id`, `date_received`, `date_write_off`) VALUES (46,44,'ДЕ0028/Ч',2,'2015-08-12',NULL);
INSERT INTO `instances` (`id`, `books_id`, `number`, `halls_id`, `date_received`, `date_write_off`) VALUES (47,3,'ДЕ0029',1,'2014-09-12',NULL);
INSERT INTO `instances` (`id`, `books_id`, `number`, `halls_id`, `date_received`, `date_write_off`) VALUES (48,3,'ДЕ0030',1,'2014-09-12',NULL);
INSERT INTO `instances` (`id`, `books_id`, `number`, `halls_id`, `date_received`, `date_write_off`) VALUES (49,3,'ДЕ0031',1,'2014-09-12',NULL);
INSERT INTO `instances` (`id`, `books_id`, `number`, `halls_id`, `date_received`, `date_write_off`) VALUES (50,3,'ДЕ0032/Ч',2,'2014-09-12',NULL);
INSERT INTO `instances` (`id`, `books_id`, `number`, `halls_id`, `date_received`, `date_write_off`) VALUES (51,2,'ДЕ0033',1,'2019-10-10',NULL);
INSERT INTO `instances` (`id`, `books_id`, `number`, `halls_id`, `date_received`, `date_write_off`) VALUES (52,2,'ДЕ0034',1,'2019-10-10',NULL);
INSERT INTO `instances` (`id`, `books_id`, `number`, `halls_id`, `date_received`, `date_write_off`) VALUES (53,2,'ДЕ0035/Ч',2,'2019-10-10',NULL);
INSERT INTO `instances` (`id`, `books_id`, `number`, `halls_id`, `date_received`, `date_write_off`) VALUES (54,43,'ДЕ0036',1,'2019-12-01',NULL);
INSERT INTO `instances` (`id`, `books_id`, `number`, `halls_id`, `date_received`, `date_write_off`) VALUES (55,43,'ДЕ0037',1,'2019-12-01',NULL);
INSERT INTO `instances` (`id`, `books_id`, `number`, `halls_id`, `date_received`, `date_write_off`) VALUES (56,43,'ДЕ0038',1,'2019-12-01',NULL);
INSERT INTO `instances` (`id`, `books_id`, `number`, `halls_id`, `date_received`, `date_write_off`) VALUES (57,4,'ДР0001',1,'2010-09-01',NULL);
INSERT INTO `instances` (`id`, `books_id`, `number`, `halls_id`, `date_received`, `date_write_off`) VALUES (58,4,'ДР0002',1,'2010-09-01',NULL);
INSERT INTO `instances` (`id`, `books_id`, `number`, `halls_id`, `date_received`, `date_write_off`) VALUES (60,9,'ДР0004',1,'2009-10-10',NULL);
INSERT INTO `instances` (`id`, `books_id`, `number`, `halls_id`, `date_received`, `date_write_off`) VALUES (61,9,'ДР0005',1,'2009-10-10',NULL);
INSERT INTO `instances` (`id`, `books_id`, `number`, `halls_id`, `date_received`, `date_write_off`) VALUES (62,9,'ДР0006',1,'2009-10-10',NULL);
INSERT INTO `instances` (`id`, `books_id`, `number`, `halls_id`, `date_received`, `date_write_off`) VALUES (63,9,'ДР0007/Ч',2,'2009-10-10',NULL);
INSERT INTO `instances` (`id`, `books_id`, `number`, `halls_id`, `date_received`, `date_write_off`) VALUES (64,18,'ДР0008',1,'2007-10-25',NULL);
INSERT INTO `instances` (`id`, `books_id`, `number`, `halls_id`, `date_received`, `date_write_off`) VALUES (65,18,'ДР0009',1,'2007-10-25',NULL);
INSERT INTO `instances` (`id`, `books_id`, `number`, `halls_id`, `date_received`, `date_write_off`) VALUES (66,18,'ДР0010',1,'2007-10-25',NULL);
INSERT INTO `instances` (`id`, `books_id`, `number`, `halls_id`, `date_received`, `date_write_off`) VALUES (67,18,'ДР0011/Ч',2,'2007-10-25',NULL);
INSERT INTO `instances` (`id`, `books_id`, `number`, `halls_id`, `date_received`, `date_write_off`) VALUES (68,11,'ДР0012',1,'2007-10-25',NULL);
INSERT INTO `instances` (`id`, `books_id`, `number`, `halls_id`, `date_received`, `date_write_off`) VALUES (69,11,'ДР0013',1,'2007-10-25',NULL);
INSERT INTO `instances` (`id`, `books_id`, `number`, `halls_id`, `date_received`, `date_write_off`) VALUES (70,11,'ДР0014',1,'2007-10-25',NULL);
INSERT INTO `instances` (`id`, `books_id`, `number`, `halls_id`, `date_received`, `date_write_off`) VALUES (71,11,'ДР0015/Ч',2,'2007-10-25',NULL);
INSERT INTO `instances` (`id`, `books_id`, `number`, `halls_id`, `date_received`, `date_write_off`) VALUES (72,5,'ДР0016',1,'2010-11-14',NULL);
INSERT INTO `instances` (`id`, `books_id`, `number`, `halls_id`, `date_received`, `date_write_off`) VALUES (73,5,'ДР0017',1,'2010-11-14',NULL);
INSERT INTO `instances` (`id`, `books_id`, `number`, `halls_id`, `date_received`, `date_write_off`) VALUES (74,5,'ДР0018',1,'2010-11-14',NULL);
INSERT INTO `instances` (`id`, `books_id`, `number`, `halls_id`, `date_received`, `date_write_off`) VALUES (75,5,'ДР0019/Ч',2,'2010-11-14',NULL);
INSERT INTO `instances` (`id`, `books_id`, `number`, `halls_id`, `date_received`, `date_write_off`) VALUES (76,8,'ДР0020',1,'2009-10-16',NULL);
INSERT INTO `instances` (`id`, `books_id`, `number`, `halls_id`, `date_received`, `date_write_off`) VALUES (77,8,'ДР0021',1,'2009-10-16',NULL);
INSERT INTO `instances` (`id`, `books_id`, `number`, `halls_id`, `date_received`, `date_write_off`) VALUES (78,8,'ДР0022',1,'2009-10-16',NULL);
INSERT INTO `instances` (`id`, `books_id`, `number`, `halls_id`, `date_received`, `date_write_off`) VALUES (79,63,'ДР0023',1,'2019-12-02',NULL);
INSERT INTO `instances` (`id`, `books_id`, `number`, `halls_id`, `date_received`, `date_write_off`) VALUES (80,63,'ДР0024',1,'2019-12-02',NULL);
INSERT INTO `instances` (`id`, `books_id`, `number`, `halls_id`, `date_received`, `date_write_off`) VALUES (81,63,'ДР0025',1,'2019-12-02',NULL);
INSERT INTO `instances` (`id`, `books_id`, `number`, `halls_id`, `date_received`, `date_write_off`) VALUES (82,14,'ДР0026',1,'2003-10-03',NULL);
INSERT INTO `instances` (`id`, `books_id`, `number`, `halls_id`, `date_received`, `date_write_off`) VALUES (83,14,'ДР0027',1,'2003-10-03',NULL);
INSERT INTO `instances` (`id`, `books_id`, `number`, `halls_id`, `date_received`, `date_write_off`) VALUES (84,14,'ДР0028',1,'2003-10-03',NULL);
INSERT INTO `instances` (`id`, `books_id`, `number`, `halls_id`, `date_received`, `date_write_off`) VALUES (85,7,'ДР0029',1,'2009-10-16',NULL);
INSERT INTO `instances` (`id`, `books_id`, `number`, `halls_id`, `date_received`, `date_write_off`) VALUES (86,7,'ДР0030',1,'2009-10-16',NULL);
INSERT INTO `instances` (`id`, `books_id`, `number`, `halls_id`, `date_received`, `date_write_off`) VALUES (87,7,'ДР0031',1,'2009-10-16',NULL);
INSERT INTO `instances` (`id`, `books_id`, `number`, `halls_id`, `date_received`, `date_write_off`) VALUES (88,7,'ДР0032/Ч',2,'2009-10-16',NULL);
INSERT INTO `instances` (`id`, `books_id`, `number`, `halls_id`, `date_received`, `date_write_off`) VALUES (89,6,'ДР0033',1,'2009-10-16',NULL);
INSERT INTO `instances` (`id`, `books_id`, `number`, `halls_id`, `date_received`, `date_write_off`) VALUES (90,6,'ДР0034',1,'2009-10-16',NULL);
INSERT INTO `instances` (`id`, `books_id`, `number`, `halls_id`, `date_received`, `date_write_off`) VALUES (91,6,'ДР0035',1,'2009-10-16',NULL);
INSERT INTO `instances` (`id`, `books_id`, `number`, `halls_id`, `date_received`, `date_write_off`) VALUES (92,10,'ДР0036',1,'2008-11-05',NULL);
INSERT INTO `instances` (`id`, `books_id`, `number`, `halls_id`, `date_received`, `date_write_off`) VALUES (93,10,'ДР0037',1,'2008-11-05',NULL);
INSERT INTO `instances` (`id`, `books_id`, `number`, `halls_id`, `date_received`, `date_write_off`) VALUES (94,10,'ДР0038',1,'2008-11-05',NULL);
INSERT INTO `instances` (`id`, `books_id`, `number`, `halls_id`, `date_received`, `date_write_off`) VALUES (95,12,'ДР0039',1,'2007-10-25',NULL);
INSERT INTO `instances` (`id`, `books_id`, `number`, `halls_id`, `date_received`, `date_write_off`) VALUES (96,12,'ДР0040',1,'2007-10-25',NULL);
INSERT INTO `instances` (`id`, `books_id`, `number`, `halls_id`, `date_received`, `date_write_off`) VALUES (97,12,'ДР0041/Ч',2,'2007-10-25',NULL);
INSERT INTO `instances` (`id`, `books_id`, `number`, `halls_id`, `date_received`, `date_write_off`) VALUES (98,15,'КЛ0001',1,'2011-07-06',NULL);
INSERT INTO `instances` (`id`, `books_id`, `number`, `halls_id`, `date_received`, `date_write_off`) VALUES (99,15,'КЛ0002',1,'2011-07-06',NULL);
INSERT INTO `instances` (`id`, `books_id`, `number`, `halls_id`, `date_received`, `date_write_off`) VALUES (100,15,'КЛ0003',1,'2011-07-06',NULL);
INSERT INTO `instances` (`id`, `books_id`, `number`, `halls_id`, `date_received`, `date_write_off`) VALUES (101,15,'КЛ0004/Ч',2,'2011-07-06',NULL);
INSERT INTO `instances` (`id`, `books_id`, `number`, `halls_id`, `date_received`, `date_write_off`) VALUES (102,16,'КЛ0005',1,'2017-12-15',NULL);
INSERT INTO `instances` (`id`, `books_id`, `number`, `halls_id`, `date_received`, `date_write_off`) VALUES (103,16,'КЛ0006',1,'2017-12-15',NULL);
INSERT INTO `instances` (`id`, `books_id`, `number`, `halls_id`, `date_received`, `date_write_off`) VALUES (104,16,'КЛ0007',1,'2017-12-15',NULL);
INSERT INTO `instances` (`id`, `books_id`, `number`, `halls_id`, `date_received`, `date_write_off`) VALUES (105,16,'КЛ0008/Ч',2,'2017-12-15',NULL);
INSERT INTO `instances` (`id`, `books_id`, `number`, `halls_id`, `date_received`, `date_write_off`) VALUES (106,35,'НФ0001',1,'2017-12-15',NULL);
INSERT INTO `instances` (`id`, `books_id`, `number`, `halls_id`, `date_received`, `date_write_off`) VALUES (107,35,'НФ0002',1,'2017-12-15',NULL);
INSERT INTO `instances` (`id`, `books_id`, `number`, `halls_id`, `date_received`, `date_write_off`) VALUES (108,35,'НФ0003',1,'2017-12-15',NULL);
INSERT INTO `instances` (`id`, `books_id`, `number`, `halls_id`, `date_received`, `date_write_off`) VALUES (109,35,'НФ0004/Ч',2,'2017-12-15',NULL);
INSERT INTO `instances` (`id`, `books_id`, `number`, `halls_id`, `date_received`, `date_write_off`) VALUES (110,23,'НФ0005',1,'2021-12-24',NULL);
INSERT INTO `instances` (`id`, `books_id`, `number`, `halls_id`, `date_received`, `date_write_off`) VALUES (111,23,'НФ0006',1,'2021-12-24',NULL);
INSERT INTO `instances` (`id`, `books_id`, `number`, `halls_id`, `date_received`, `date_write_off`) VALUES (112,29,'НФ0007',1,'2019-12-02',NULL);
INSERT INTO `instances` (`id`, `books_id`, `number`, `halls_id`, `date_received`, `date_write_off`) VALUES (113,29,'НФ0008',1,'2019-12-02',NULL);
INSERT INTO `instances` (`id`, `books_id`, `number`, `halls_id`, `date_received`, `date_write_off`) VALUES (114,29,'НФ0009/Ч',2,'2019-12-02',NULL);
INSERT INTO `instances` (`id`, `books_id`, `number`, `halls_id`, `date_received`, `date_write_off`) VALUES (115,27,'НФ0010',1,'2019-12-02',NULL);
INSERT INTO `instances` (`id`, `books_id`, `number`, `halls_id`, `date_received`, `date_write_off`) VALUES (116,27,'НФ0011',1,'2019-12-02',NULL);
INSERT INTO `instances` (`id`, `books_id`, `number`, `halls_id`, `date_received`, `date_write_off`) VALUES (117,27,'НФ0012/Ч',2,'2019-12-02',NULL);
INSERT INTO `instances` (`id`, `books_id`, `number`, `halls_id`, `date_received`, `date_write_off`) VALUES (118,40,'НФ0013',1,'2016-08-09',NULL);
INSERT INTO `instances` (`id`, `books_id`, `number`, `halls_id`, `date_received`, `date_write_off`) VALUES (120,31,'НФ0015',1,'2019-12-02',NULL);
INSERT INTO `instances` (`id`, `books_id`, `number`, `halls_id`, `date_received`, `date_write_off`) VALUES (121,31,'НФ0016',1,'2019-12-02',NULL);
INSERT INTO `instances` (`id`, `books_id`, `number`, `halls_id`, `date_received`, `date_write_off`) VALUES (122,26,'НФ0017',1,'2021-12-24',NULL);
INSERT INTO `instances` (`id`, `books_id`, `number`, `halls_id`, `date_received`, `date_write_off`) VALUES (123,26,'НФ0018/Ч',2,'2021-12-24',NULL);
INSERT INTO `instances` (`id`, `books_id`, `number`, `halls_id`, `date_received`, `date_write_off`) VALUES (124,19,'НФ0019',1,'2021-12-24',NULL);
INSERT INTO `instances` (`id`, `books_id`, `number`, `halls_id`, `date_received`, `date_write_off`) VALUES (125,19,'НФ0020',1,'2021-12-24',NULL);
INSERT INTO `instances` (`id`, `books_id`, `number`, `halls_id`, `date_received`, `date_write_off`) VALUES (126,22,'НФ0021',1,'2021-12-24',NULL);
INSERT INTO `instances` (`id`, `books_id`, `number`, `halls_id`, `date_received`, `date_write_off`) VALUES (127,22,'НФ0022',1,'2021-12-24',NULL);
INSERT INTO `instances` (`id`, `books_id`, `number`, `halls_id`, `date_received`, `date_write_off`) VALUES (128,22,'НФ0023/Ч',2,'2021-12-24',NULL);
INSERT INTO `instances` (`id`, `books_id`, `number`, `halls_id`, `date_received`, `date_write_off`) VALUES (129,38,'НФ0024',1,'2016-08-09',NULL);
INSERT INTO `instances` (`id`, `books_id`, `number`, `halls_id`, `date_received`, `date_write_off`) VALUES (130,38,'НФ0025',1,'2016-08-09',NULL);
INSERT INTO `instances` (`id`, `books_id`, `number`, `halls_id`, `date_received`, `date_write_off`) VALUES (131,33,'НФ0026',1,'2019-12-02',NULL);
INSERT INTO `instances` (`id`, `books_id`, `number`, `halls_id`, `date_received`, `date_write_off`) VALUES (132,33,'НФ0027/Ч',2,'2019-12-02',NULL);
INSERT INTO `instances` (`id`, `books_id`, `number`, `halls_id`, `date_received`, `date_write_off`) VALUES (133,20,'НФ0028',1,'2021-10-22',NULL);
INSERT INTO `instances` (`id`, `books_id`, `number`, `halls_id`, `date_received`, `date_write_off`) VALUES (134,20,'НФ0029/Ч',2,'2021-10-22',NULL);
INSERT INTO `instances` (`id`, `books_id`, `number`, `halls_id`, `date_received`, `date_write_off`) VALUES (135,32,'НФ0030',1,'2019-12-02',NULL);
INSERT INTO `instances` (`id`, `books_id`, `number`, `halls_id`, `date_received`, `date_write_off`) VALUES (136,32,'НФ0031',1,'2019-12-02',NULL);
INSERT INTO `instances` (`id`, `books_id`, `number`, `halls_id`, `date_received`, `date_write_off`) VALUES (137,32,'НФ0032/Ч',2,'2019-12-02',NULL);
INSERT INTO `instances` (`id`, `books_id`, `number`, `halls_id`, `date_received`, `date_write_off`) VALUES (138,30,'НФ0033',1,'2019-12-02',NULL);
INSERT INTO `instances` (`id`, `books_id`, `number`, `halls_id`, `date_received`, `date_write_off`) VALUES (139,30,'НФ0034',1,'2019-12-02',NULL);
INSERT INTO `instances` (`id`, `books_id`, `number`, `halls_id`, `date_received`, `date_write_off`) VALUES (140,30,'НФ0035/Ч',2,'2019-12-02',NULL);
INSERT INTO `instances` (`id`, `books_id`, `number`, `halls_id`, `date_received`, `date_write_off`) VALUES (141,39,'НФ0036',1,'2016-08-09',NULL);
INSERT INTO `instances` (`id`, `books_id`, `number`, `halls_id`, `date_received`, `date_write_off`) VALUES (142,39,'НФ0037',1,'2016-08-09',NULL);
INSERT INTO `instances` (`id`, `books_id`, `number`, `halls_id`, `date_received`, `date_write_off`) VALUES (143,39,'НФ0038/Ч',2,'2016-08-09',NULL);
INSERT INTO `instances` (`id`, `books_id`, `number`, `halls_id`, `date_received`, `date_write_off`) VALUES (144,28,'НФ0039',1,'2019-12-02',NULL);
INSERT INTO `instances` (`id`, `books_id`, `number`, `halls_id`, `date_received`, `date_write_off`) VALUES (145,28,'НФ0040',1,'2019-12-02',NULL);
INSERT INTO `instances` (`id`, `books_id`, `number`, `halls_id`, `date_received`, `date_write_off`) VALUES (146,28,'НФ0041/Ч',2,'2019-12-02',NULL);
INSERT INTO `instances` (`id`, `books_id`, `number`, `halls_id`, `date_received`, `date_write_off`) VALUES (147,21,'НФ0042',1,'2021-09-24',NULL);
INSERT INTO `instances` (`id`, `books_id`, `number`, `halls_id`, `date_received`, `date_write_off`) VALUES (148,21,'НФ0043',1,'2021-09-24',NULL);
INSERT INTO `instances` (`id`, `books_id`, `number`, `halls_id`, `date_received`, `date_write_off`) VALUES (149,36,'НФ0044',1,'2017-10-05',NULL);
INSERT INTO `instances` (`id`, `books_id`, `number`, `halls_id`, `date_received`, `date_write_off`) VALUES (150,36,'НФ0045',1,'2017-10-05',NULL);
INSERT INTO `instances` (`id`, `books_id`, `number`, `halls_id`, `date_received`, `date_write_off`) VALUES (151,36,'НФ0046/Ч',2,'2017-10-05',NULL);
INSERT INTO `instances` (`id`, `books_id`, `number`, `halls_id`, `date_received`, `date_write_off`) VALUES (152,24,'НФ0047',1,'2021-09-24',NULL);
INSERT INTO `instances` (`id`, `books_id`, `number`, `halls_id`, `date_received`, `date_write_off`) VALUES (153,24,'НФ0048',1,'2021-09-24',NULL);
INSERT INTO `instances` (`id`, `books_id`, `number`, `halls_id`, `date_received`, `date_write_off`) VALUES (154,25,'НФ0049',1,'2021-09-24',NULL);
INSERT INTO `instances` (`id`, `books_id`, `number`, `halls_id`, `date_received`, `date_write_off`) VALUES (155,25,'НФ0050',1,'2021-09-24',NULL);
INSERT INTO `instances` (`id`, `books_id`, `number`, `halls_id`, `date_received`, `date_write_off`) VALUES (156,37,'НФ0051',1,'2017-10-15',NULL);
INSERT INTO `instances` (`id`, `books_id`, `number`, `halls_id`, `date_received`, `date_write_off`) VALUES (157,37,'НФ0052',1,'2017-10-15',NULL);
INSERT INTO `instances` (`id`, `books_id`, `number`, `halls_id`, `date_received`, `date_write_off`) VALUES (158,37,'НФ0053/Ч',2,'2017-10-15',NULL);
INSERT INTO `instances` (`id`, `books_id`, `number`, `halls_id`, `date_received`, `date_write_off`) VALUES (159,34,'НФ0054',1,'2017-10-15',NULL);
INSERT INTO `instances` (`id`, `books_id`, `number`, `halls_id`, `date_received`, `date_write_off`) VALUES (160,34,'НФ0055',1,'2017-10-15',NULL);
INSERT INTO `instances` (`id`, `books_id`, `number`, `halls_id`, `date_received`, `date_write_off`) VALUES (161,62,'ПР0001',1,'2021-09-24',NULL);
INSERT INTO `instances` (`id`, `books_id`, `number`, `halls_id`, `date_received`, `date_write_off`) VALUES (162,62,'ПР0002',1,'2021-09-24',NULL);
INSERT INTO `instances` (`id`, `books_id`, `number`, `halls_id`, `date_received`, `date_write_off`) VALUES (163,62,'ПР0003/Ч',2,'2021-09-24',NULL);
INSERT INTO `instances` (`id`, `books_id`, `number`, `halls_id`, `date_received`, `date_write_off`) VALUES (164,61,'ПР0004',1,'2021-09-24',NULL);
INSERT INTO `instances` (`id`, `books_id`, `number`, `halls_id`, `date_received`, `date_write_off`) VALUES (165,61,'ПР0005',1,'2021-09-24',NULL);
INSERT INTO `instances` (`id`, `books_id`, `number`, `halls_id`, `date_received`, `date_write_off`) VALUES (166,61,'ПР0006/Ч',2,'2021-09-24',NULL);
INSERT INTO `instances` (`id`, `books_id`, `number`, `halls_id`, `date_received`, `date_write_off`) VALUES (167,64,'РМ0001',1,'2013-06-04',NULL);
INSERT INTO `instances` (`id`, `books_id`, `number`, `halls_id`, `date_received`, `date_write_off`) VALUES (168,64,'РМ0002',1,'2013-06-04',NULL);
INSERT INTO `instances` (`id`, `books_id`, `number`, `halls_id`, `date_received`, `date_write_off`) VALUES (169,64,'РМ0003',1,'2013-06-04',NULL);
INSERT INTO `instances` (`id`, `books_id`, `number`, `halls_id`, `date_received`, `date_write_off`) VALUES (171,65,'РМ0005',1,'2012-08-12',NULL);
INSERT INTO `instances` (`id`, `books_id`, `number`, `halls_id`, `date_received`, `date_write_off`) VALUES (172,65,'РМ0006',1,'2012-08-12',NULL);
INSERT INTO `instances` (`id`, `books_id`, `number`, `halls_id`, `date_received`, `date_write_off`) VALUES (173,65,'РМ0007',1,'2012-08-12',NULL);
INSERT INTO `instances` (`id`, `books_id`, `number`, `halls_id`, `date_received`, `date_write_off`) VALUES (174,65,'РМ0008',1,'2012-08-12',NULL);
INSERT INTO `instances` (`id`, `books_id`, `number`, `halls_id`, `date_received`, `date_write_off`) VALUES (175,65,'РМ0009/Ч',2,'2012-08-12',NULL);
INSERT INTO `instances` (`id`, `books_id`, `number`, `halls_id`, `date_received`, `date_write_off`) VALUES (176,68,'РМ0010',1,'2009-10-06',NULL);
INSERT INTO `instances` (`id`, `books_id`, `number`, `halls_id`, `date_received`, `date_write_off`) VALUES (177,68,'РМ0011',1,'2009-10-06',NULL);
INSERT INTO `instances` (`id`, `books_id`, `number`, `halls_id`, `date_received`, `date_write_off`) VALUES (178,68,'РМ0012',1,'2009-10-06',NULL);
INSERT INTO `instances` (`id`, `books_id`, `number`, `halls_id`, `date_received`, `date_write_off`) VALUES (179,68,'РМ0013/Ч',2,'2009-10-06',NULL);
INSERT INTO `instances` (`id`, `books_id`, `number`, `halls_id`, `date_received`, `date_write_off`) VALUES (180,69,'РМ0014',1,'2021-09-24',NULL);
INSERT INTO `instances` (`id`, `books_id`, `number`, `halls_id`, `date_received`, `date_write_off`) VALUES (181,69,'РМ0015',1,'2021-09-24',NULL);
INSERT INTO `instances` (`id`, `books_id`, `number`, `halls_id`, `date_received`, `date_write_off`) VALUES (182,69,'РМ0016',1,'2021-09-24',NULL);
INSERT INTO `instances` (`id`, `books_id`, `number`, `halls_id`, `date_received`, `date_write_off`) VALUES (183,67,'РМ0017',1,'2009-10-06',NULL);
INSERT INTO `instances` (`id`, `books_id`, `number`, `halls_id`, `date_received`, `date_write_off`) VALUES (184,67,'РМ0018',1,'2009-10-06',NULL);
INSERT INTO `instances` (`id`, `books_id`, `number`, `halls_id`, `date_received`, `date_write_off`) VALUES (185,67,'РМ0019',1,'2009-10-06',NULL);
INSERT INTO `instances` (`id`, `books_id`, `number`, `halls_id`, `date_received`, `date_write_off`) VALUES (186,66,'РМ0020',1,'2012-08-12',NULL);
INSERT INTO `instances` (`id`, `books_id`, `number`, `halls_id`, `date_received`, `date_write_off`) VALUES (187,66,'РМ0021',1,'2012-08-12',NULL);
INSERT INTO `instances` (`id`, `books_id`, `number`, `halls_id`, `date_received`, `date_write_off`) VALUES (188,66,'РМ0022',1,'2012-08-12',NULL);
INSERT INTO `instances` (`id`, `books_id`, `number`, `halls_id`, `date_received`, `date_write_off`) VALUES (189,66,'РМ0023/Ч',2,'2012-08-12',NULL);
INSERT INTO `instances` (`id`, `books_id`, `number`, `halls_id`, `date_received`, `date_write_off`) VALUES (190,70,'РМ0024',1,'2021-09-24',NULL);
INSERT INTO `instances` (`id`, `books_id`, `number`, `halls_id`, `date_received`, `date_write_off`) VALUES (191,70,'РМ0025',1,'2021-09-24',NULL);
INSERT INTO `instances` (`id`, `books_id`, `number`, `halls_id`, `date_received`, `date_write_off`) VALUES (192,70,'РМ0026/Ч',2,'2021-09-24',NULL);
INSERT INTO `instances` (`id`, `books_id`, `number`, `halls_id`, `date_received`, `date_write_off`) VALUES (193,47,'ТР0001',1,'2021-10-10',NULL);
INSERT INTO `instances` (`id`, `books_id`, `number`, `halls_id`, `date_received`, `date_write_off`) VALUES (194,47,'ТР0002',1,'2021-10-10',NULL);
INSERT INTO `instances` (`id`, `books_id`, `number`, `halls_id`, `date_received`, `date_write_off`) VALUES (195,47,'ТР0003/Ч',2,'2021-10-10',NULL);
INSERT INTO `instances` (`id`, `books_id`, `number`, `halls_id`, `date_received`, `date_write_off`) VALUES (196,49,'ТР0004',1,'2020-11-20',NULL);
INSERT INTO `instances` (`id`, `books_id`, `number`, `halls_id`, `date_received`, `date_write_off`) VALUES (197,49,'ТР0005',1,'2020-11-20',NULL);
INSERT INTO `instances` (`id`, `books_id`, `number`, `halls_id`, `date_received`, `date_write_off`) VALUES (198,50,'ТР0006',1,'2020-11-20',NULL);
INSERT INTO `instances` (`id`, `books_id`, `number`, `halls_id`, `date_received`, `date_write_off`) VALUES (199,50,'ТР0007',1,'2020-11-20',NULL);
INSERT INTO `instances` (`id`, `books_id`, `number`, `halls_id`, `date_received`, `date_write_off`) VALUES (200,46,'ТР0008',1,'2021-10-10',NULL);
INSERT INTO `instances` (`id`, `books_id`, `number`, `halls_id`, `date_received`, `date_write_off`) VALUES (201,46,'ТР0009',1,'2021-10-10',NULL);
INSERT INTO `instances` (`id`, `books_id`, `number`, `halls_id`, `date_received`, `date_write_off`) VALUES (202,46,'ТР0010/Ч',2,'2021-10-10',NULL);
INSERT INTO `instances` (`id`, `books_id`, `number`, `halls_id`, `date_received`, `date_write_off`) VALUES (203,48,'ТР0011',1,'2020-11-20',NULL);
INSERT INTO `instances` (`id`, `books_id`, `number`, `halls_id`, `date_received`, `date_write_off`) VALUES (204,48,'ТР0012',1,'2020-11-20',NULL);
INSERT INTO `instances` (`id`, `books_id`, `number`, `halls_id`, `date_received`, `date_write_off`) VALUES (205,48,'ТР0013',1,'2020-11-20',NULL);
INSERT INTO `instances` (`id`, `books_id`, `number`, `halls_id`, `date_received`, `date_write_off`) VALUES (206,48,'ТР0014/Ч',2,'2020-11-20',NULL);
INSERT INTO `instances` (`id`, `books_id`, `number`, `halls_id`, `date_received`, `date_write_off`) VALUES (207,45,'ТР0015',1,'2021-10-10',NULL);
INSERT INTO `instances` (`id`, `books_id`, `number`, `halls_id`, `date_received`, `date_write_off`) VALUES (208,45,'ТР0016',1,'2021-10-10',NULL);
INSERT INTO `instances` (`id`, `books_id`, `number`, `halls_id`, `date_received`, `date_write_off`) VALUES (209,45,'ТР0017',1,'2021-10-10',NULL);
INSERT INTO `instances` (`id`, `books_id`, `number`, `halls_id`, `date_received`, `date_write_off`) VALUES (210,45,'ТР0018/Ч',2,'2021-10-10',NULL);
INSERT INTO `instances` (`id`, `books_id`, `number`, `halls_id`, `date_received`, `date_write_off`) VALUES (211,55,'ФЭ0001',1,'2020-11-20',NULL);
INSERT INTO `instances` (`id`, `books_id`, `number`, `halls_id`, `date_received`, `date_write_off`) VALUES (212,55,'ФЭ0002',1,'2020-11-20',NULL);
INSERT INTO `instances` (`id`, `books_id`, `number`, `halls_id`, `date_received`, `date_write_off`) VALUES (213,55,'ФЭ0003/Ч',2,'2020-11-20',NULL);
INSERT INTO `instances` (`id`, `books_id`, `number`, `halls_id`, `date_received`, `date_write_off`) VALUES (214,52,'ФЭ0004',1,'2020-11-20',NULL);
INSERT INTO `instances` (`id`, `books_id`, `number`, `halls_id`, `date_received`, `date_write_off`) VALUES (215,52,'ФЭ0005',1,'2020-11-20',NULL);
INSERT INTO `instances` (`id`, `books_id`, `number`, `halls_id`, `date_received`, `date_write_off`) VALUES (216,53,'ФЭ0006',1,'2020-12-01',NULL);
INSERT INTO `instances` (`id`, `books_id`, `number`, `halls_id`, `date_received`, `date_write_off`) VALUES (217,53,'ФЭ0007',1,'2020-12-01',NULL);
INSERT INTO `instances` (`id`, `books_id`, `number`, `halls_id`, `date_received`, `date_write_off`) VALUES (218,53,'ФЭ0008',1,'2020-12-01',NULL);
INSERT INTO `instances` (`id`, `books_id`, `number`, `halls_id`, `date_received`, `date_write_off`) VALUES (219,53,'ФЭ0009/Ч',2,'2020-12-01',NULL);
INSERT INTO `instances` (`id`, `books_id`, `number`, `halls_id`, `date_received`, `date_write_off`) VALUES (220,54,'ФЭ0010',1,'2020-12-01',NULL);
INSERT INTO `instances` (`id`, `books_id`, `number`, `halls_id`, `date_received`, `date_write_off`) VALUES (221,54,'ФЭ0011',1,'2020-12-01',NULL);
INSERT INTO `instances` (`id`, `books_id`, `number`, `halls_id`, `date_received`, `date_write_off`) VALUES (222,54,'ФЭ0012/Ч',2,'2020-12-01',NULL);
INSERT INTO `instances` (`id`, `books_id`, `number`, `halls_id`, `date_received`, `date_write_off`) VALUES (223,51,'ФЭ0013',1,'2020-10-25',NULL);
INSERT INTO `instances` (`id`, `books_id`, `number`, `halls_id`, `date_received`, `date_write_off`) VALUES (224,51,'ФЭ0014',1,'2020-10-25',NULL);
INSERT INTO `instances` (`id`, `books_id`, `number`, `halls_id`, `date_received`, `date_write_off`) VALUES (225,51,'ФЭ0015',1,'2020-10-25',NULL);
INSERT INTO `instances` (`id`, `books_id`, `number`, `halls_id`, `date_received`, `date_write_off`) VALUES (226,51,'ФЭ0016/Ч',2,'2020-10-25',NULL);
INSERT INTO `instances` (`id`, `books_id`, `number`, `halls_id`, `date_received`, `date_write_off`) VALUES (227,16,'КЛ0009',1,'2017-12-15','2021-12-10');
UNLOCK TABLES;

--
-- Dumping data for table `issuance`
--
LOCK TABLES `issuance` WRITE;
INSERT INTO `issuance` (`id`, `instances_id`, `reader_id`, `date_issue`, `date_return`, `date_return_planned`, `lost`, `price`, `rental_price`) VALUES (1,9,10,'2019-10-10','2019-11-09','2019-11-10',NULL,NULL,NULL);
INSERT INTO `issuance` (`id`, `instances_id`, `reader_id`, `date_issue`, `date_return`, `date_return_planned`, `lost`, `price`, `rental_price`) VALUES (2,129,10,'2019-10-10','2019-11-09','2019-11-10',NULL,NULL,NULL);
INSERT INTO `issuance` (`id`, `instances_id`, `reader_id`, `date_issue`, `date_return`, `date_return_planned`, `lost`, `price`, `rental_price`) VALUES (3,156,10,'2019-11-09','2019-12-20','2019-12-09',NULL,NULL,NULL);
INSERT INTO `issuance` (`id`, `instances_id`, `reader_id`, `date_issue`, `date_return`, `date_return_planned`, `lost`, `price`, `rental_price`) VALUES (4,159,10,'2019-11-09','2019-12-20','2019-12-09',NULL,NULL,NULL);
INSERT INTO `issuance` (`id`, `instances_id`, `reader_id`, `date_issue`, `date_return`, `date_return_planned`, `lost`, `price`, `rental_price`) VALUES (5,1,10,'2020-04-02','2020-05-01','2020-05-02',NULL,NULL,NULL);
INSERT INTO `issuance` (`id`, `instances_id`, `reader_id`, `date_issue`, `date_return`, `date_return_planned`, `lost`, `price`, `rental_price`) VALUES (6,112,10,'2020-04-02','2020-05-01','2020-05-02',NULL,NULL,NULL);
INSERT INTO `issuance` (`id`, `instances_id`, `reader_id`, `date_issue`, `date_return`, `date_return_planned`, `lost`, `price`, `rental_price`) VALUES (7,118,10,'2020-04-02','2020-05-01','2020-05-02',NULL,NULL,NULL);
INSERT INTO `issuance` (`id`, `instances_id`, `reader_id`, `date_issue`, `date_return`, `date_return_planned`, `lost`, `price`, `rental_price`) VALUES (8,135,10,'2020-10-06','2020-10-05','2020-10-08',NULL,NULL,NULL);
INSERT INTO `issuance` (`id`, `instances_id`, `reader_id`, `date_issue`, `date_return`, `date_return_planned`, `lost`, `price`, `rental_price`) VALUES (9,138,10,'2020-10-06','2020-10-05','2020-10-08',NULL,NULL,NULL);
INSERT INTO `issuance` (`id`, `instances_id`, `reader_id`, `date_issue`, `date_return`, `date_return_planned`, `lost`, `price`, `rental_price`) VALUES (10,149,10,'2020-10-05','2020-11-05','2020-11-05',NULL,NULL,NULL);
INSERT INTO `issuance` (`id`, `instances_id`, `reader_id`, `date_issue`, `date_return`, `date_return_planned`, `lost`, `price`, `rental_price`) VALUES (11,135,10,'2021-02-10','2021-04-05','2021-04-10',NULL,NULL,NULL);
INSERT INTO `issuance` (`id`, `instances_id`, `reader_id`, `date_issue`, `date_return`, `date_return_planned`, `lost`, `price`, `rental_price`) VALUES (12,144,10,'2021-02-10','2021-04-05','2021-04-10',NULL,NULL,NULL);
INSERT INTO `issuance` (`id`, `instances_id`, `reader_id`, `date_issue`, `date_return`, `date_return_planned`, `lost`, `price`, `rental_price`) VALUES (13,102,10,'2021-02-10','2021-04-05','2021-04-10',1,10.00,NULL);
INSERT INTO `issuance` (`id`, `instances_id`, `reader_id`, `date_issue`, `date_return`, `date_return_planned`, `lost`, `price`, `rental_price`) VALUES (14,196,10,'2021-09-26','2021-09-29','2021-09-26',NULL,NULL,NULL);
INSERT INTO `issuance` (`id`, `instances_id`, `reader_id`, `date_issue`, `date_return`, `date_return_planned`, `lost`, `price`, `rental_price`) VALUES (15,203,10,'2021-09-26','2021-09-29','2021-09-26',NULL,NULL,NULL);
INSERT INTO `issuance` (`id`, `instances_id`, `reader_id`, `date_issue`, `date_return`, `date_return_planned`, `lost`, `price`, `rental_price`) VALUES (16,198,10,'2021-09-29','2021-10-26','2021-10-29',NULL,NULL,NULL);
INSERT INTO `issuance` (`id`, `instances_id`, `reader_id`, `date_issue`, `date_return`, `date_return_planned`, `lost`, `price`, `rental_price`) VALUES (17,76,10,'2021-10-26','2021-11-20','2021-11-26',NULL,NULL,NULL);
INSERT INTO `issuance` (`id`, `instances_id`, `reader_id`, `date_issue`, `date_return`, `date_return_planned`, `lost`, `price`, `rental_price`) VALUES (18,5,10,'2021-11-20','2021-12-20','2021-12-20',NULL,NULL,NULL);
INSERT INTO `issuance` (`id`, `instances_id`, `reader_id`, `date_issue`, `date_return`, `date_return_planned`, `lost`, `price`, `rental_price`) VALUES (19,200,10,'2021-12-20','2022-01-26','2022-01-20',NULL,0.00,0.00);
INSERT INTO `issuance` (`id`, `instances_id`, `reader_id`, `date_issue`, `date_return`, `date_return_planned`, `lost`, `price`, `rental_price`) VALUES (20,207,10,'2021-12-20','2022-01-26','2022-01-20',1,10.00,0.00);
INSERT INTO `issuance` (`id`, `instances_id`, `reader_id`, `date_issue`, `date_return`, `date_return_planned`, `lost`, `price`, `rental_price`) VALUES (21,110,10,'2021-12-20','2022-01-26','2022-01-20',NULL,0.00,0.00);
INSERT INTO `issuance` (`id`, `instances_id`, `reader_id`, `date_issue`, `date_return`, `date_return_planned`, `lost`, `price`, `rental_price`) VALUES (22,177,36,'2020-12-12','2021-01-10','2021-01-12',NULL,NULL,NULL);
INSERT INTO `issuance` (`id`, `instances_id`, `reader_id`, `date_issue`, `date_return`, `date_return_planned`, `lost`, `price`, `rental_price`) VALUES (23,184,36,'2020-12-12','2021-01-10','2021-01-12',NULL,NULL,NULL);
INSERT INTO `issuance` (`id`, `instances_id`, `reader_id`, `date_issue`, `date_return`, `date_return_planned`, `lost`, `price`, `rental_price`) VALUES (24,40,36,'2020-12-12','2021-01-10','2021-01-12',NULL,NULL,NULL);
INSERT INTO `issuance` (`id`, `instances_id`, `reader_id`, `date_issue`, `date_return`, `date_return_planned`, `lost`, `price`, `rental_price`) VALUES (25,187,36,'2021-01-10','2021-02-15','2021-02-10',NULL,NULL,NULL);
INSERT INTO `issuance` (`id`, `instances_id`, `reader_id`, `date_issue`, `date_return`, `date_return_planned`, `lost`, `price`, `rental_price`) VALUES (26,65,36,'2021-01-10','2021-02-15','2021-02-10',NULL,NULL,NULL);
INSERT INTO `issuance` (`id`, `instances_id`, `reader_id`, `date_issue`, `date_return`, `date_return_planned`, `lost`, `price`, `rental_price`) VALUES (27,24,36,'2021-01-10','2021-02-15','2021-02-10',NULL,NULL,NULL);
INSERT INTO `issuance` (`id`, `instances_id`, `reader_id`, `date_issue`, `date_return`, `date_return_planned`, `lost`, `price`, `rental_price`) VALUES (28,48,36,'2021-02-15','2021-04-15','2021-04-15',NULL,NULL,NULL);
INSERT INTO `issuance` (`id`, `instances_id`, `reader_id`, `date_issue`, `date_return`, `date_return_planned`, `lost`, `price`, `rental_price`) VALUES (29,83,36,'2021-02-15','2021-04-15','2021-04-15',NULL,NULL,NULL);
INSERT INTO `issuance` (`id`, `instances_id`, `reader_id`, `date_issue`, `date_return`, `date_return_planned`, `lost`, `price`, `rental_price`) VALUES (30,172,36,'2021-10-15','2021-12-09','2021-12-15',NULL,NULL,NULL);
INSERT INTO `issuance` (`id`, `instances_id`, `reader_id`, `date_issue`, `date_return`, `date_return_planned`, `lost`, `price`, `rental_price`) VALUES (31,168,36,'2021-10-15','2021-12-09','2021-12-15',NULL,NULL,NULL);
INSERT INTO `issuance` (`id`, `instances_id`, `reader_id`, `date_issue`, `date_return`, `date_return_planned`, `lost`, `price`, `rental_price`) VALUES (32,83,36,'2021-10-15','2021-12-09','2021-12-15',NULL,NULL,NULL);
INSERT INTO `issuance` (`id`, `instances_id`, `reader_id`, `date_issue`, `date_return`, `date_return_planned`, `lost`, `price`, `rental_price`) VALUES (33,181,36,'2021-12-29',NULL,'2022-01-29',NULL,NULL,NULL);
INSERT INTO `issuance` (`id`, `instances_id`, `reader_id`, `date_issue`, `date_return`, `date_return_planned`, `lost`, `price`, `rental_price`) VALUES (34,191,36,'2021-12-29',NULL,'2022-01-29',NULL,NULL,NULL);
INSERT INTO `issuance` (`id`, `instances_id`, `reader_id`, `date_issue`, `date_return`, `date_return_planned`, `lost`, `price`, `rental_price`) VALUES (35,133,36,'2021-12-25',NULL,'2022-01-25',NULL,NULL,NULL);
INSERT INTO `issuance` (`id`, `instances_id`, `reader_id`, `date_issue`, `date_return`, `date_return_planned`, `lost`, `price`, `rental_price`) VALUES (36,104,21,'2022-01-10',NULL,'2022-02-09',0,NULL,NULL);
INSERT INTO `issuance` (`id`, `instances_id`, `reader_id`, `date_issue`, `date_return`, `date_return_planned`, `lost`, `price`, `rental_price`) VALUES (37,19,34,'2022-01-10',NULL,'2022-02-09',0,NULL,NULL);
INSERT INTO `issuance` (`id`, `instances_id`, `reader_id`, `date_issue`, `date_return`, `date_return_planned`, `lost`, `price`, `rental_price`) VALUES (38,20,29,'2022-01-10',NULL,'2022-02-09',0,NULL,NULL);
INSERT INTO `issuance` (`id`, `instances_id`, `reader_id`, `date_issue`, `date_return`, `date_return_planned`, `lost`, `price`, `rental_price`) VALUES (39,21,11,'2022-01-10',NULL,'2022-02-09',0,NULL,NULL);
INSERT INTO `issuance` (`id`, `instances_id`, `reader_id`, `date_issue`, `date_return`, `date_return_planned`, `lost`, `price`, `rental_price`) VALUES (40,167,26,'2022-01-11','2022-01-20','2022-02-10',0,NULL,NULL);
INSERT INTO `issuance` (`id`, `instances_id`, `reader_id`, `date_issue`, `date_return`, `date_return_planned`, `lost`, `price`, `rental_price`) VALUES (41,64,26,'2022-01-11','2022-01-20','2022-02-10',0,NULL,NULL);
INSERT INTO `issuance` (`id`, `instances_id`, `reader_id`, `date_issue`, `date_return`, `date_return_planned`, `lost`, `price`, `rental_price`) VALUES (42,171,26,'2022-01-11',NULL,'2022-02-19',0,NULL,NULL);
INSERT INTO `issuance` (`id`, `instances_id`, `reader_id`, `date_issue`, `date_return`, `date_return_planned`, `lost`, `price`, `rental_price`) VALUES (43,1,17,'2022-01-11',NULL,'2022-02-10',0,NULL,NULL);
INSERT INTO `issuance` (`id`, `instances_id`, `reader_id`, `date_issue`, `date_return`, `date_return_planned`, `lost`, `price`, `rental_price`) VALUES (44,29,17,'2022-01-11',NULL,'2022-02-10',0,NULL,NULL);
INSERT INTO `issuance` (`id`, `instances_id`, `reader_id`, `date_issue`, `date_return`, `date_return_planned`, `lost`, `price`, `rental_price`) VALUES (45,34,17,'2022-01-11',NULL,'2022-02-10',0,NULL,NULL);
INSERT INTO `issuance` (`id`, `instances_id`, `reader_id`, `date_issue`, `date_return`, `date_return_planned`, `lost`, `price`, `rental_price`) VALUES (46,183,17,'2022-01-11',NULL,'2022-02-10',0,NULL,NULL);
INSERT INTO `issuance` (`id`, `instances_id`, `reader_id`, `date_issue`, `date_return`, `date_return_planned`, `lost`, `price`, `rental_price`) VALUES (47,98,21,'2022-01-11',NULL,'2022-02-10',0,NULL,NULL);
INSERT INTO `issuance` (`id`, `instances_id`, `reader_id`, `date_issue`, `date_return`, `date_return_planned`, `lost`, `price`, `rental_price`) VALUES (48,186,21,'2022-01-11',NULL,'2022-02-10',0,NULL,NULL);
INSERT INTO `issuance` (`id`, `instances_id`, `reader_id`, `date_issue`, `date_return`, `date_return_planned`, `lost`, `price`, `rental_price`) VALUES (49,95,21,'2022-01-11',NULL,'2022-02-10',0,NULL,NULL);
INSERT INTO `issuance` (`id`, `instances_id`, `reader_id`, `date_issue`, `date_return`, `date_return_planned`, `lost`, `price`, `rental_price`) VALUES (50,2,11,'2021-12-30',NULL,'2022-01-30',0,NULL,NULL);
INSERT INTO `issuance` (`id`, `instances_id`, `reader_id`, `date_issue`, `date_return`, `date_return_planned`, `lost`, `price`, `rental_price`) VALUES (51,60,11,'2021-12-30',NULL,'2022-01-30',0,NULL,NULL);
INSERT INTO `issuance` (`id`, `instances_id`, `reader_id`, `date_issue`, `date_return`, `date_return_planned`, `lost`, `price`, `rental_price`) VALUES (52,9,11,'2021-12-30',NULL,'2022-01-30',0,NULL,NULL);
INSERT INTO `issuance` (`id`, `instances_id`, `reader_id`, `date_issue`, `date_return`, `date_return_planned`, `lost`, `price`, `rental_price`) VALUES (53,57,9,'2022-01-11',NULL,'2022-02-10',0,NULL,NULL);
INSERT INTO `issuance` (`id`, `instances_id`, `reader_id`, `date_issue`, `date_return`, `date_return_planned`, `lost`, `price`, `rental_price`) VALUES (54,115,9,'2022-01-11',NULL,'2022-02-10',0,NULL,NULL);
INSERT INTO `issuance` (`id`, `instances_id`, `reader_id`, `date_issue`, `date_return`, `date_return_planned`, `lost`, `price`, `rental_price`) VALUES (55,161,9,'2022-01-11',NULL,'2022-02-10',0,NULL,NULL);
INSERT INTO `issuance` (`id`, `instances_id`, `reader_id`, `date_issue`, `date_return`, `date_return_planned`, `lost`, `price`, `rental_price`) VALUES (56,214,9,'2022-01-11',NULL,'2022-02-10',0,NULL,NULL);
INSERT INTO `issuance` (`id`, `instances_id`, `reader_id`, `date_issue`, `date_return`, `date_return_planned`, `lost`, `price`, `rental_price`) VALUES (57,223,9,'2022-01-11',NULL,'2022-02-10',0,NULL,NULL);
INSERT INTO `issuance` (`id`, `instances_id`, `reader_id`, `date_issue`, `date_return`, `date_return_planned`, `lost`, `price`, `rental_price`) VALUES (58,65,24,'2022-01-11',NULL,'2022-02-10',0,NULL,NULL);
INSERT INTO `issuance` (`id`, `instances_id`, `reader_id`, `date_issue`, `date_return`, `date_return_planned`, `lost`, `price`, `rental_price`) VALUES (59,129,24,'2022-01-11',NULL,'2022-02-10',0,NULL,NULL);
INSERT INTO `issuance` (`id`, `instances_id`, `reader_id`, `date_issue`, `date_return`, `date_return_planned`, `lost`, `price`, `rental_price`) VALUES (60,180,24,'2022-01-11',NULL,'2022-02-10',0,NULL,NULL);
INSERT INTO `issuance` (`id`, `instances_id`, `reader_id`, `date_issue`, `date_return`, `date_return_planned`, `lost`, `price`, `rental_price`) VALUES (61,82,24,'2022-01-11',NULL,'2022-02-10',0,NULL,NULL);
INSERT INTO `issuance` (`id`, `instances_id`, `reader_id`, `date_issue`, `date_return`, `date_return_planned`, `lost`, `price`, `rental_price`) VALUES (62,47,24,'2022-01-11',NULL,'2022-02-10',0,NULL,NULL);
INSERT INTO `issuance` (`id`, `instances_id`, `reader_id`, `date_issue`, `date_return`, `date_return_planned`, `lost`, `price`, `rental_price`) VALUES (63,168,31,'2021-12-01','2022-01-23','2022-01-01',0,NULL,NULL);
INSERT INTO `issuance` (`id`, `instances_id`, `reader_id`, `date_issue`, `date_return`, `date_return_planned`, `lost`, `price`, `rental_price`) VALUES (64,173,31,'2021-12-09','2022-01-23','2022-01-09',0,NULL,NULL);
INSERT INTO `issuance` (`id`, `instances_id`, `reader_id`, `date_issue`, `date_return`, `date_return_planned`, `lost`, `price`, `rental_price`) VALUES (65,135,31,'2021-12-01','2022-01-12','2022-01-01',0,NULL,NULL);
INSERT INTO `issuance` (`id`, `instances_id`, `reader_id`, `date_issue`, `date_return`, `date_return_planned`, `lost`, `price`, `rental_price`) VALUES (67,61,20,'2022-01-12',NULL,'2022-02-11',0,NULL,NULL);
INSERT INTO `issuance` (`id`, `instances_id`, `reader_id`, `date_issue`, `date_return`, `date_return_planned`, `lost`, `price`, `rental_price`) VALUES (68,10,20,'2022-01-12',NULL,'2022-02-11',0,NULL,NULL);
INSERT INTO `issuance` (`id`, `instances_id`, `reader_id`, `date_issue`, `date_return`, `date_return_planned`, `lost`, `price`, `rental_price`) VALUES (69,72,20,'2022-01-12',NULL,'2022-02-11',0,NULL,NULL);
INSERT INTO `issuance` (`id`, `instances_id`, `reader_id`, `date_issue`, `date_return`, `date_return_planned`, `lost`, `price`, `rental_price`) VALUES (70,73,27,'2022-01-12','2022-01-14','2022-02-11',0,NULL,NULL);
INSERT INTO `issuance` (`id`, `instances_id`, `reader_id`, `date_issue`, `date_return`, `date_return_planned`, `lost`, `price`, `rental_price`) VALUES (71,13,27,'2022-01-12',NULL,'2022-02-11',0,NULL,NULL);
INSERT INTO `issuance` (`id`, `instances_id`, `reader_id`, `date_issue`, `date_return`, `date_return_planned`, `lost`, `price`, `rental_price`) VALUES (72,30,27,'2022-01-12',NULL,'2022-02-11',0,NULL,NULL);
INSERT INTO `issuance` (`id`, `instances_id`, `reader_id`, `date_issue`, `date_return`, `date_return_planned`, `lost`, `price`, `rental_price`) VALUES (73,35,27,'2022-01-12',NULL,'2022-02-11',0,NULL,NULL);
INSERT INTO `issuance` (`id`, `instances_id`, `reader_id`, `date_issue`, `date_return`, `date_return_planned`, `lost`, `price`, `rental_price`) VALUES (74,187,27,'2022-01-12',NULL,'2022-02-11',0,NULL,NULL);
INSERT INTO `issuance` (`id`, `instances_id`, `reader_id`, `date_issue`, `date_return`, `date_return_planned`, `lost`, `price`, `rental_price`) VALUES (75,43,27,'2022-01-12',NULL,'2022-02-11',0,NULL,NULL);
INSERT INTO `issuance` (`id`, `instances_id`, `reader_id`, `date_issue`, `date_return`, `date_return_planned`, `lost`, `price`, `rental_price`) VALUES (76,124,18,'2022-01-12',NULL,'2022-02-11',0,NULL,NULL);
INSERT INTO `issuance` (`id`, `instances_id`, `reader_id`, `date_issue`, `date_return`, `date_return_planned`, `lost`, `price`, `rental_price`) VALUES (77,23,18,'2022-01-12',NULL,'2022-02-11',0,NULL,NULL);
INSERT INTO `issuance` (`id`, `instances_id`, `reader_id`, `date_issue`, `date_return`, `date_return_planned`, `lost`, `price`, `rental_price`) VALUES (78,89,18,'2022-01-12',NULL,'2022-02-11',0,NULL,NULL);
INSERT INTO `issuance` (`id`, `instances_id`, `reader_id`, `date_issue`, `date_return`, `date_return_planned`, `lost`, `price`, `rental_price`) VALUES (79,198,18,'2022-01-12',NULL,'2022-02-11',0,NULL,NULL);
INSERT INTO `issuance` (`id`, `instances_id`, `reader_id`, `date_issue`, `date_return`, `date_return_planned`, `lost`, `price`, `rental_price`) VALUES (80,112,28,'2022-01-12','2022-01-23','2022-02-11',0,NULL,NULL);
INSERT INTO `issuance` (`id`, `instances_id`, `reader_id`, `date_issue`, `date_return`, `date_return_planned`, `lost`, `price`, `rental_price`) VALUES (81,147,28,'2022-01-12','2022-01-23','2022-02-11',0,NULL,NULL);
INSERT INTO `issuance` (`id`, `instances_id`, `reader_id`, `date_issue`, `date_return`, `date_return_planned`, `lost`, `price`, `rental_price`) VALUES (82,203,28,'2022-01-12',NULL,'2022-02-11',0,NULL,NULL);
INSERT INTO `issuance` (`id`, `instances_id`, `reader_id`, `date_issue`, `date_return`, `date_return_planned`, `lost`, `price`, `rental_price`) VALUES (83,208,28,'2022-01-12',NULL,'2022-02-11',0,NULL,NULL);
INSERT INTO `issuance` (`id`, `instances_id`, `reader_id`, `date_issue`, `date_return`, `date_return_planned`, `lost`, `price`, `rental_price`) VALUES (84,106,13,'2022-01-14',NULL,'2022-02-13',0,NULL,NULL);
INSERT INTO `issuance` (`id`, `instances_id`, `reader_id`, `date_issue`, `date_return`, `date_return_planned`, `lost`, `price`, `rental_price`) VALUES (85,80,13,'2022-01-14',NULL,'2022-02-13',0,NULL,NULL);
INSERT INTO `issuance` (`id`, `instances_id`, `reader_id`, `date_issue`, `date_return`, `date_return_planned`, `lost`, `price`, `rental_price`) VALUES (86,176,30,'2022-01-14',NULL,'2022-02-13',0,NULL,NULL);
INSERT INTO `issuance` (`id`, `instances_id`, `reader_id`, `date_issue`, `date_return`, `date_return_planned`, `lost`, `price`, `rental_price`) VALUES (87,184,30,'2022-01-14',NULL,'2022-02-13',0,NULL,NULL);
INSERT INTO `issuance` (`id`, `instances_id`, `reader_id`, `date_issue`, `date_return`, `date_return_planned`, `lost`, `price`, `rental_price`) VALUES (88,39,30,'2022-01-14',NULL,'2022-02-13',0,NULL,NULL);
INSERT INTO `issuance` (`id`, `instances_id`, `reader_id`, `date_issue`, `date_return`, `date_return_planned`, `lost`, `price`, `rental_price`) VALUES (89,204,30,'2022-01-14',NULL,'2022-02-13',0,NULL,NULL);
INSERT INTO `issuance` (`id`, `instances_id`, `reader_id`, `date_issue`, `date_return`, `date_return_planned`, `lost`, `price`, `rental_price`) VALUES (90,62,12,'2022-01-20',NULL,'2022-02-19',0,NULL,NULL);
INSERT INTO `issuance` (`id`, `instances_id`, `reader_id`, `date_issue`, `date_return`, `date_return_planned`, `lost`, `price`, `rental_price`) VALUES (91,5,12,'2022-01-20',NULL,'2022-02-19',0,NULL,NULL);
INSERT INTO `issuance` (`id`, `instances_id`, `reader_id`, `date_issue`, `date_return`, `date_return_planned`, `lost`, `price`, `rental_price`) VALUES (92,120,12,'2022-01-20',NULL,'2022-02-19',0,NULL,NULL);
INSERT INTO `issuance` (`id`, `instances_id`, `reader_id`, `date_issue`, `date_return`, `date_return_planned`, `lost`, `price`, `rental_price`) VALUES (93,99,26,'2022-01-20',NULL,'2022-02-19',0,NULL,NULL);
INSERT INTO `issuance` (`id`, `instances_id`, `reader_id`, `date_issue`, `date_return`, `date_return_planned`, `lost`, `price`, `rental_price`) VALUES (94,162,26,'2022-01-20',NULL,'2022-02-19',0,NULL,NULL);
INSERT INTO `issuance` (`id`, `instances_id`, `reader_id`, `date_issue`, `date_return`, `date_return_planned`, `lost`, `price`, `rental_price`) VALUES (95,48,26,'2022-01-20',NULL,'2022-02-19',0,NULL,NULL);
INSERT INTO `issuance` (`id`, `instances_id`, `reader_id`, `date_issue`, `date_return`, `date_return_planned`, `lost`, `price`, `rental_price`) VALUES (96,81,22,'2022-01-20',NULL,'2022-02-19',0,NULL,NULL);
INSERT INTO `issuance` (`id`, `instances_id`, `reader_id`, `date_issue`, `date_return`, `date_return_planned`, `lost`, `price`, `rental_price`) VALUES (97,96,22,'2022-01-20',NULL,'2022-02-19',0,NULL,NULL);
INSERT INTO `issuance` (`id`, `instances_id`, `reader_id`, `date_issue`, `date_return`, `date_return_planned`, `lost`, `price`, `rental_price`) VALUES (98,182,22,'2022-01-20','2022-01-21','2022-02-19',0,NULL,NULL);
INSERT INTO `issuance` (`id`, `instances_id`, `reader_id`, `date_issue`, `date_return`, `date_return_planned`, `lost`, `price`, `rental_price`) VALUES (99,167,22,'2022-01-21',NULL,'2022-02-20',0,NULL,NULL);
INSERT INTO `issuance` (`id`, `instances_id`, `reader_id`, `date_issue`, `date_return`, `date_return_planned`, `lost`, `price`, `rental_price`) VALUES (101,69,31,'2022-01-23',NULL,'2022-02-22',0,NULL,NULL);
INSERT INTO `issuance` (`id`, `instances_id`, `reader_id`, `date_issue`, `date_return`, `date_return_planned`, `lost`, `price`, `rental_price`) VALUES (102,76,31,'2022-01-23',NULL,'2022-02-22',0,NULL,NULL);
INSERT INTO `issuance` (`id`, `instances_id`, `reader_id`, `date_issue`, `date_return`, `date_return_planned`, `lost`, `price`, `rental_price`) VALUES (103,86,31,'2022-01-23',NULL,'2022-02-22',0,NULL,NULL);
INSERT INTO `issuance` (`id`, `instances_id`, `reader_id`, `date_issue`, `date_return`, `date_return_planned`, `lost`, `price`, `rental_price`) VALUES (104,31,28,'2022-01-23',NULL,'2022-02-22',0,NULL,NULL);
INSERT INTO `issuance` (`id`, `instances_id`, `reader_id`, `date_issue`, `date_return`, `date_return_planned`, `lost`, `price`, `rental_price`) VALUES (105,44,28,'2022-01-23',NULL,'2022-02-22',0,NULL,NULL);
INSERT INTO `issuance` (`id`, `instances_id`, `reader_id`, `date_issue`, `date_return`, `date_return_planned`, `lost`, `price`, `rental_price`) VALUES (106,54,28,'2022-01-23',NULL,'2022-02-22',0,NULL,NULL);
INSERT INTO `issuance` (`id`, `instances_id`, `reader_id`, `date_issue`, `date_return`, `date_return_planned`, `lost`, `price`, `rental_price`) VALUES (107,112,28,'2022-01-23',NULL,'2022-02-22',0,NULL,NULL);
INSERT INTO `issuance` (`id`, `instances_id`, `reader_id`, `date_issue`, `date_return`, `date_return_planned`, `lost`, `price`, `rental_price`) VALUES (108,168,32,'2022-01-23',NULL,'2022-02-22',0,NULL,NULL);
INSERT INTO `issuance` (`id`, `instances_id`, `reader_id`, `date_issue`, `date_return`, `date_return_planned`, `lost`, `price`, `rental_price`) VALUES (109,173,32,'2022-01-23',NULL,'2022-02-22',0,NULL,NULL);
INSERT INTO `issuance` (`id`, `instances_id`, `reader_id`, `date_issue`, `date_return`, `date_return_planned`, `lost`, `price`, `rental_price`) VALUES (110,109,14,'2022-01-30',NULL,'2022-01-30',0,NULL,NULL);
INSERT INTO `issuance` (`id`, `instances_id`, `reader_id`, `date_issue`, `date_return`, `date_return_planned`, `lost`, `price`, `rental_price`) VALUES (111,111,14,'2022-01-24',NULL,'2022-02-23',0,NULL,NULL);
INSERT INTO `issuance` (`id`, `instances_id`, `reader_id`, `date_issue`, `date_return`, `date_return_planned`, `lost`, `price`, `rental_price`) VALUES (112,114,21,'2022-01-24',NULL,'2022-01-24',0,NULL,NULL);
INSERT INTO `issuance` (`id`, `instances_id`, `reader_id`, `date_issue`, `date_return`, `date_return_planned`, `lost`, `price`, `rental_price`) VALUES (113,71,14,'2022-01-12','2022-01-24','2022-01-12',0,NULL,6.00);
INSERT INTO `issuance` (`id`, `instances_id`, `reader_id`, `date_issue`, `date_return`, `date_return_planned`, `lost`, `price`, `rental_price`) VALUES (114,123,10,'2022-01-30',NULL,'2022-01-30',0,NULL,NULL);
INSERT INTO `issuance` (`id`, `instances_id`, `reader_id`, `date_issue`, `date_return`, `date_return_planned`, `lost`, `price`, `rental_price`) VALUES (115,132,10,'2022-01-12','2022-01-26','2022-01-12',0,0.00,7.00);
INSERT INTO `issuance` (`id`, `instances_id`, `reader_id`, `date_issue`, `date_return`, `date_return_planned`, `lost`, `price`, `rental_price`) VALUES (116,164,8,'2022-01-24','2022-01-24','2022-02-23',1,10.00,0.00);
INSERT INTO `issuance` (`id`, `instances_id`, `reader_id`, `date_issue`, `date_return`, `date_return_planned`, `lost`, `price`, `rental_price`) VALUES (117,146,8,'2022-01-12','2022-01-24','2022-01-12',0,0.00,6.00);
INSERT INTO `issuance` (`id`, `instances_id`, `reader_id`, `date_issue`, `date_return`, `date_return_planned`, `lost`, `price`, `rental_price`) VALUES (118,140,8,'2022-02-10',NULL,'2022-02-10',0,NULL,NULL);
INSERT INTO `issuance` (`id`, `instances_id`, `reader_id`, `date_issue`, `date_return`, `date_return_planned`, `lost`, `price`, `rental_price`) VALUES (119,118,8,'2022-01-24',NULL,'2022-02-23',0,NULL,NULL);
INSERT INTO `issuance` (`id`, `instances_id`, `reader_id`, `date_issue`, `date_return`, `date_return_planned`, `lost`, `price`, `rental_price`) VALUES (120,206,8,'2022-02-10',NULL,'2022-02-10',0,NULL,NULL);
INSERT INTO `issuance` (`id`, `instances_id`, `reader_id`, `date_issue`, `date_return`, `date_return_planned`, `lost`, `price`, `rental_price`) VALUES (121,128,10,'2022-01-12','2022-01-24','2022-01-12',1,10.00,6.00);
INSERT INTO `issuance` (`id`, `instances_id`, `reader_id`, `date_issue`, `date_return`, `date_return_planned`, `lost`, `price`, `rental_price`) VALUES (122,179,29,'2022-02-05',NULL,'2022-02-05',0,NULL,NULL);
INSERT INTO `issuance` (`id`, `instances_id`, `reader_id`, `date_issue`, `date_return`, `date_return_planned`, `lost`, `price`, `rental_price`) VALUES (123,126,10,'2022-01-26',NULL,'2022-02-25',0,NULL,NULL);
INSERT INTO `issuance` (`id`, `instances_id`, `reader_id`, `date_issue`, `date_return`, `date_return_planned`, `lost`, `price`, `rental_price`) VALUES (124,225,10,'2022-01-26',NULL,'2022-02-25',0,NULL,NULL);
INSERT INTO `issuance` (`id`, `instances_id`, `reader_id`, `date_issue`, `date_return`, `date_return_planned`, `lost`, `price`, `rental_price`) VALUES (125,58,10,'2022-01-26',NULL,'2022-02-25',0,NULL,NULL);
INSERT INTO `issuance` (`id`, `instances_id`, `reader_id`, `date_issue`, `date_return`, `date_return_planned`, `lost`, `price`, `rental_price`) VALUES (126,116,10,'2022-01-26',NULL,'2022-02-25',0,NULL,NULL);
UNLOCK TABLES;

--
-- Dumping data for table `reservation`
--
LOCK TABLES `reservation` WRITE;
INSERT INTO `reservation` (`id`, `instances_id`, `reader_id`, `date`, `status`) VALUES (1,110,10,'2021-12-20','ISSUED');
INSERT INTO `reservation` (`id`, `instances_id`, `reader_id`, `date`, `status`) VALUES (2,200,10,'2021-12-20','ISSUED');
INSERT INTO `reservation` (`id`, `instances_id`, `reader_id`, `date`, `status`) VALUES (3,207,10,'2021-12-20','ISSUED');
INSERT INTO `reservation` (`id`, `instances_id`, `reader_id`, `date`, `status`) VALUES (4,193,10,'2021-12-20','CANCELLED');
INSERT INTO `reservation` (`id`, `instances_id`, `reader_id`, `date`, `status`) VALUES (5,17,10,'2021-05-10','EXPIRED');
INSERT INTO `reservation` (`id`, `instances_id`, `reader_id`, `date`, `status`) VALUES (6,193,10,'2022-02-11','READY');
INSERT INTO `reservation` (`id`, `instances_id`, `reader_id`, `date`, `status`) VALUES (8,103,36,'2022-02-10','READY');
INSERT INTO `reservation` (`id`, `instances_id`, `reader_id`, `date`, `status`) VALUES (9,104,21,'2022-01-08','ISSUED');
INSERT INTO `reservation` (`id`, `instances_id`, `reader_id`, `date`, `status`) VALUES (10,126,36,'2022-01-13','ISSUED');
INSERT INTO `reservation` (`id`, `instances_id`, `reader_id`, `date`, `status`) VALUES (11,118,8,'2022-01-18','ISSUED');
INSERT INTO `reservation` (`id`, `instances_id`, `reader_id`, `date`, `status`) VALUES (12,224,8,'2022-02-12','READY');
INSERT INTO `reservation` (`id`, `instances_id`, `reader_id`, `date`, `status`) VALUES (13,215,8,'2022-02-12','READY');
INSERT INTO `reservation` (`id`, `instances_id`, `reader_id`, `date`, `status`) VALUES (14,216,8,'2022-02-14','READY');
INSERT INTO `reservation` (`id`, `instances_id`, `reader_id`, `date`, `status`) VALUES (15,149,11,'2022-02-17','READY');
INSERT INTO `reservation` (`id`, `instances_id`, `reader_id`, `date`, `status`) VALUES (16,79,13,'2022-02-25','RESERVED');
INSERT INTO `reservation` (`id`, `instances_id`, `reader_id`, `date`, `status`) VALUES (17,68,15,'2022-02-25','RESERVED');
INSERT INTO `reservation` (`id`, `instances_id`, `reader_id`, `date`, `status`) VALUES (18,172,15,'2022-02-25','RESERVED');
INSERT INTO `reservation` (`id`, `instances_id`, `reader_id`, `date`, `status`) VALUES (20,62,12,'2022-01-21','ISSUED');
INSERT INTO `reservation` (`id`, `instances_id`, `reader_id`, `date`, `status`) VALUES (21,5,12,'2022-01-21','ISSUED');
INSERT INTO `reservation` (`id`, `instances_id`, `reader_id`, `date`, `status`) VALUES (22,120,12,'2022-01-21','ISSUED');
INSERT INTO `reservation` (`id`, `instances_id`, `reader_id`, `date`, `status`) VALUES (23,196,12,'2022-02-05','READY');
INSERT INTO `reservation` (`id`, `instances_id`, `reader_id`, `date`, `status`) VALUES (24,162,26,'2022-01-19','ISSUED');
INSERT INTO `reservation` (`id`, `instances_id`, `reader_id`, `date`, `status`) VALUES (25,48,26,'2022-01-19','ISSUED');
INSERT INTO `reservation` (`id`, `instances_id`, `reader_id`, `date`, `status`) VALUES (26,83,26,'2022-02-26','RESERVED');
INSERT INTO `reservation` (`id`, `instances_id`, `reader_id`, `date`, `status`) VALUES (27,99,26,'2022-01-19','ISSUED');
INSERT INTO `reservation` (`id`, `instances_id`, `reader_id`, `date`, `status`) VALUES (28,167,22,'2022-01-21','ISSUED');
INSERT INTO `reservation` (`id`, `instances_id`, `reader_id`, `date`, `status`) VALUES (29,14,22,'2022-01-19','CANCELLED');
INSERT INTO `reservation` (`id`, `instances_id`, `reader_id`, `date`, `status`) VALUES (30,85,22,'2022-02-11','READY');
INSERT INTO `reservation` (`id`, `instances_id`, `reader_id`, `date`, `status`) VALUES (31,96,22,'2022-01-21','ISSUED');
INSERT INTO `reservation` (`id`, `instances_id`, `reader_id`, `date`, `status`) VALUES (32,81,22,'2022-01-21','ISSUED');
INSERT INTO `reservation` (`id`, `instances_id`, `reader_id`, `date`, `status`) VALUES (33,182,22,'2022-01-21','ISSUED');
INSERT INTO `reservation` (`id`, `instances_id`, `reader_id`, `date`, `status`) VALUES (34,190,30,'2022-02-10','READY');
INSERT INTO `reservation` (`id`, `instances_id`, `reader_id`, `date`, `status`) VALUES (36,140,8,'2022-01-24','ISSUED');
INSERT INTO `reservation` (`id`, `instances_id`, `reader_id`, `date`, `status`) VALUES (37,128,10,'2022-01-25','ISSUED');
INSERT INTO `reservation` (`id`, `instances_id`, `reader_id`, `date`, `status`) VALUES (38,225,10,'2022-01-30','ISSUED');
INSERT INTO `reservation` (`id`, `instances_id`, `reader_id`, `date`, `status`) VALUES (39,126,10,'2022-01-30','ISSUED');
UNLOCK TABLES;

--
-- Dumping data for table `reviews`
--
LOCK TABLES `reviews` WRITE;
INSERT INTO `reviews` (`id`, `books_id`, `reader_id`, `rating`, `comment`, `date`) VALUES (1,1,7,5,'Великолепная повесть Николая Носова о том как два советских школьника Витя и Костя борются с собственными недостатками. Отлично подойдет для детей младшего школьного возраста и совместного чтения с родителем.','2019-12-02');
INSERT INTO `reviews` (`id`, `books_id`, `reader_id`, `rating`, `comment`, `date`) VALUES (2,1,23,5,'Просто отличная книга! Ребенок, который категорически отказывался читать, увлёкся ею с первой страницы и дочитал до конца. Всем мальчишкам рекомендую!','2020-01-18');
INSERT INTO `reviews` (`id`, `books_id`, `reader_id`, `rating`, `comment`, `date`) VALUES (3,1,17,5,'Спасибо! Отличная книга для детей! Книга о доброте, поддержке друзей, о взаимовыручке, об ответственности, т е о хороших качествах, которые должны воспитываться в человеке с самого детства.','2020-07-23');
INSERT INTO `reviews` (`id`, `books_id`, `reader_id`, `rating`, `comment`, `date`) VALUES (4,1,26,5,'Книга не просто хорошая-великолепная!Мой девятилетний сын читал с удовольствием и плакал и смеялся,и удивлялся и восхищался.А я слушала и думала о том,что хорошо бы рекомендовать эту книгу к прочтению и как руководство к применению нашему министерству образования и в особенности учителям начальных классов ,директорам школ и т.д.Неужели такие были педагоги -потрясающие профессионалы,сейчас таких не найдёшь!Мой сын даже захотел в том времени пожить )))','2020-09-21');
INSERT INTO `reviews` (`id`, `books_id`, `reader_id`, `rating`, `comment`, `date`) VALUES (5,1,33,5,'Удивительно, насколько изменилась наша жизнь буквально за несколько последних десятилетий. Когда я в детстве читала эту книгу, мне совершенно понятны были все описанные реалии, хотя были 90-е годы, а книга написана в 60-е. Современным детям, конечно, многое нужно объяснять (пионеры, вожатые, раздельное обучение мальчиков и девочек и т.п.). Но несмотря ни на что основная идея этой книги все равно остается актуальной и понятной каждому ребенку. Читала с сыном, и очень многое он мог примерить на себя и своих друзей и одноклассников. Книга на все времена','2021-02-20');
INSERT INTO `reviews` (`id`, `books_id`, `reader_id`, `rating`, `comment`, `date`) VALUES (6,1,12,5,'любимая книга детства… особенно способ решения задачи про орехи… ну и про домашних животных тоже родители должны помнить о том, что детей делают добрее собаки, хомяки, рыбки и ёжики…','2021-09-30');
INSERT INTO `reviews` (`id`, `books_id`, `reader_id`, `rating`, `comment`, `date`) VALUES (7,1,27,5,'','2021-04-13');
INSERT INTO `reviews` (`id`, `books_id`, `reader_id`, `rating`, `comment`, `date`) VALUES (8,1,32,5,'','2021-09-13');
INSERT INTO `reviews` (`id`, `books_id`, `reader_id`, `rating`, `comment`, `date`) VALUES (9,1,29,5,'','2021-12-12');
INSERT INTO `reviews` (`id`, `books_id`, `reader_id`, `rating`, `comment`, `date`) VALUES (10,3,20,5,'Не знаю никого, кто мог бы превзойти великого Пушкина. Попробуй пересказать своими словами его стихи и будет не интересно слушать. Только гений слышит сладкозвучные рифмы и только гений чувствует какое слово подобрать в каждом отдельном предложении. Равного ему нет. Что может быть прекраснее любых его строк. ','2017-07-20');
INSERT INTO `reviews` (`id`, `books_id`, `reader_id`, `rating`, `comment`, `date`) VALUES (11,3,8,5,'Замечательная книга!Пушкин великий гений мировой литературы!15 000 слов в лексиконе, да плюс еще большинство обращены в стихотворную форму!Горжусь гением всех времен и народов....','2015-10-25');
INSERT INTO `reviews` (`id`, `books_id`, `reader_id`, `rating`, `comment`, `date`) VALUES (12,3,36,5,'Здравствуйте. Мне всегда нравились сказки, а сказки Пушкина особенно. Неподражаемая манера стиха, легко запоминается. Однажды прочитав уже не забудешь никогда. Рекомендую читать всем!','2017-04-24');
INSERT INTO `reviews` (`id`, `books_id`, `reader_id`, `rating`, `comment`, `date`) VALUES (13,3,18,5,'Сказки А. С. Пушкина – это всегда интересно. А с такими иллюстрациями, просто красота. Честно говоря, ради красочных картинок и решил скачать именно эту книгу. В Интернете есть много и бесплатных книг Пушкина, но не всегда устраивает оформление. Даже здесь «Сказка о рыбаке и рыбке» Александр Пушкин под индексом 07076231, не имеет даже чёрно-белых картинок. На других сайтах попадаются ужасно отсканированые – текст обрезан или изображение в сканер не поместилось полностью. Потому и решил купить книгу здесь. А в придачу бонус + ещё 9 книг.','2016-09-08');
INSERT INTO `reviews` (`id`, `books_id`, `reader_id`, `rating`, `comment`, `date`) VALUES (14,3,11,5,'огонь. классика, маст хэв. читаю детям на ночь, они потом спят и им снятся хорошие сны. короче говоря, давайте скидки, дарите бесплатно все книги','2019-12-09');
INSERT INTO `reviews` (`id`, `books_id`, `reader_id`, `rating`, `comment`, `date`) VALUES (15,3,28,5,'Великий Александр Сергеевич Пушкин и такие же потрясающие сказки, читать одно удовольствие!!! А иллюстрации просто восторг! ','2020-09-21');
INSERT INTO `reviews` (`id`, `books_id`, `reader_id`, `rating`, `comment`, `date`) VALUES (16,3,15,5,'Пушкина читать приятно, язык легкий и красивый. Детям просто необходимо читать Пушкина в детстве и в школьные годы, а также учить наизусть, очень развивает.','2018-12-12');
INSERT INTO `reviews` (`id`, `books_id`, `reader_id`, `rating`, `comment`, `date`) VALUES (17,3,24,5,'Сказки моего детства! Раньше читала мне их мама перед сном, а сейчас я читаю своей дочке! Сказки Пушкина очень легко читаются и легко запоминаются!','2019-11-27');
INSERT INTO `reviews` (`id`, `books_id`, `reader_id`, `rating`, `comment`, `date`) VALUES (18,3,10,5,'Отличные сказки! Читаются легко! При чтении сказки погружают вас в детство, поэтому даже взрослым будет интересно прочесть!','2021-05-16');
INSERT INTO `reviews` (`id`, `books_id`, `reader_id`, `rating`, `comment`, `date`) VALUES (19,3,29,5,'Очень интересно читать. Даже не знаю кто бы мог превзойти великого Александра Сергеевича. Пусть пересказывают… Но когда читаешь именно читаешь ты представляешь все ситуации описуемые в стихотворных строках поэта','2021-02-21');
INSERT INTO `reviews` (`id`, `books_id`, `reader_id`, `rating`, `comment`, `date`) VALUES (20,3,34,5,'Обожаю сказки Пушкина! Эта книга на мгновение перенесла меня в моё детство, за что я благодарна составителям и конечно же иллюстратору.','2021-02-08');
INSERT INTO `reviews` (`id`, `books_id`, `reader_id`, `rating`, `comment`, `date`) VALUES (21,3,33,5,'С детства обожаю сказки Пушкина и моим детям нравится, читаем перед сном. Сын в 9 лет многие знает на зубок)) хорошие и добрые сказки и поучительные☺','2021-09-28');
INSERT INTO `reviews` (`id`, `books_id`, `reader_id`, `rating`, `comment`, `date`) VALUES (22,3,9,5,'','2019-06-15');
INSERT INTO `reviews` (`id`, `books_id`, `reader_id`, `rating`, `comment`, `date`) VALUES (23,3,16,5,'','2020-08-12');
INSERT INTO `reviews` (`id`, `books_id`, `reader_id`, `rating`, `comment`, `date`) VALUES (24,3,17,5,'','2021-01-01');
INSERT INTO `reviews` (`id`, `books_id`, `reader_id`, `rating`, `comment`, `date`) VALUES (25,3,19,5,'','2021-05-09');
INSERT INTO `reviews` (`id`, `books_id`, `reader_id`, `rating`, `comment`, `date`) VALUES (26,4,17,3,'Это произведение мне далось непросто. Тяжело читалось. Много рассуждений о поверженной Франции во время Второй Мировой Войны, о том, что все что он и другие французы делали - бесполезно... Есть интересные моменты, но читать тяжело морально.','2014-07-11');
INSERT INTO `reviews` (`id`, `books_id`, `reader_id`, `rating`, `comment`, `date`) VALUES (27,4,18,5,'Очень философская вещица,но читается легко,очень остро описано состояние человека,находящегося на страшной бессмысленной войне,которого спасают воспоминания из мирного детства,немного занудный и затянутый конец о Человеке,который в любой жизненной ситуации пытается остаться Человеком','2014-10-18');
INSERT INTO `reviews` (`id`, `books_id`, `reader_id`, `rating`, `comment`, `date`) VALUES (28,4,23,4,'Честно сказать, не очень понравилось, дочитываю через силу. Как по мне, то ты либо рассуждай о том, что есть Человек, Бог и Нация, либо описывай войну, либо пускайся в воспоминания о детстве. Тут, по моему мнению, пример как раз того, как все смешалось и в итоге ничего не получилось. Тяжело читать 200 страниц из-за пары строк, которые действительно трогают. Только ты заинтересовываешься в чем то, что повествует автор, как он в корне меняет тему. Короче говоря, не мое)','2015-07-17');
INSERT INTO `reviews` (`id`, `books_id`, `reader_id`, `rating`, `comment`, `date`) VALUES (29,4,9,5,'Мне книга понравилась, но соглашусь что читается достаточно тяжело. Рассуждения про жизнь человека, про войну, да вообще все рассуждения очень сложно написаны. Однако есть много очень хороших идей, которые нельзя оставить без внимания. Хорошая книга, и я бы советовал ее прочитать!)','2015-12-26');
INSERT INTO `reviews` (`id`, `books_id`, `reader_id`, `rating`, `comment`, `date`) VALUES (30,4,10,5,'Невероятная книга. Захватывает с первых строк!','2020-09-16');
INSERT INTO `reviews` (`id`, `books_id`, `reader_id`, `rating`, `comment`, `date`) VALUES (31,4,13,4,'','2017-06-30');
INSERT INTO `reviews` (`id`, `books_id`, `reader_id`, `rating`, `comment`, `date`) VALUES (32,4,15,5,'','2018-02-03');
INSERT INTO `reviews` (`id`, `books_id`, `reader_id`, `rating`, `comment`, `date`) VALUES (33,4,19,4,'','2020-08-09');
INSERT INTO `reviews` (`id`, `books_id`, `reader_id`, `rating`, `comment`, `date`) VALUES (34,5,30,5,'Очень хороший писатель. Умный, эмоциональный, глубокий, внимательный к любой мелочи, но никогда не скатывающийся в мелкотемье. Он действительно был властителем дум. Во всех его произведениях есть то, над чем надо думать.','2013-04-13');
INSERT INTO `reviews` (`id`, `books_id`, `reader_id`, `rating`, `comment`, `date`) VALUES (35,5,29,5,'Очень хороший писатель. Горжусь, уважаю! Его произведения будут жить вечно.','2014-08-04');
INSERT INTO `reviews` (`id`, `books_id`, `reader_id`, `rating`, `comment`, `date`) VALUES (36,5,15,5,'В ней столько слоев, столько мыслей, украшенных легким слогом; в ней раскинулась степь, где у каждой травинки есть свое место и где живут и умирают люди, честные перед собой и другими. И сердце мое заходилось – я если не ревела в три ручья над несправедливостью жизни, то почти задыхалась от ненависти, черной и маслянистой, заполнявшей легкие. Ненависти к той дряни, которую даже назвать человеком тошно. Несколько раз порывалась бросить книгу, особенно когда непробиваемая безысходность грозила затопить все страницы.','2015-07-12');
INSERT INTO `reviews` (`id`, `books_id`, `reader_id`, `rating`, `comment`, `date`) VALUES (37,5,10,5,'очень глубокое произведение,с этого я начал свое знакомство с автором. чтение доставило удовольствие','2016-09-29');
INSERT INTO `reviews` (`id`, `books_id`, `reader_id`, `rating`, `comment`, `date`) VALUES (38,5,17,5,'Читая этот роман понимаешь, что это действительно ТРУД, произведение над которым упорно работали. Все радости, горести, все переживания персонажей переживаются как собственные.','2018-12-10');
INSERT INTO `reviews` (`id`, `books_id`, `reader_id`, `rating`, `comment`, `date`) VALUES (39,5,20,5,'Писатель по своему сложен в понимании. Его тексты пестрят мыслями самыми разными и это потрясающе! Мне очень понравилось!','2021-09-23');
INSERT INTO `reviews` (`id`, `books_id`, `reader_id`, `rating`, `comment`, `date`) VALUES (40,5,7,5,'','2020-04-12');
INSERT INTO `reviews` (`id`, `books_id`, `reader_id`, `rating`, `comment`, `date`) VALUES (41,5,8,5,'','2020-08-13');
INSERT INTO `reviews` (`id`, `books_id`, `reader_id`, `rating`, `comment`, `date`) VALUES (42,5,22,5,'','2020-12-14');
INSERT INTO `reviews` (`id`, `books_id`, `reader_id`, `rating`, `comment`, `date`) VALUES (43,5,24,5,'','2021-02-25');
INSERT INTO `reviews` (`id`, `books_id`, `reader_id`, `rating`, `comment`, `date`) VALUES (44,6,36,5,'книжка интересная. интересно посмотреть на мир с высоты птичьего полета. больше всего понравилась часть \"люди\". идеи хоть и не новые, но поданы в лаконично-гармоничной форме. язык книги тоже очень изящный и вместе с тем простой. но, все же, моей любимой книжкой этого писателя останется \"маленький принц\" (:','2014-12-03');
INSERT INTO `reviews` (`id`, `books_id`, `reader_id`, `rating`, `comment`, `date`) VALUES (45,6,28,5,'Книга тронула до слёз. Экзюпери прекрасный писатель. И эта книга стала этому подтверждением. Книга заставляет о многом задуматься. Это интересная книга, одновременно с интересным рассказом и философией о жизни.','2015-07-14');
INSERT INTO `reviews` (`id`, `books_id`, `reader_id`, `rating`, `comment`, `date`) VALUES (46,6,13,5,'Очень много глубоких философских мыслей, есть пища для размышлений, но тем не менее читать было скучно','2016-11-25');
INSERT INTO `reviews` (`id`, `books_id`, `reader_id`, `rating`, `comment`, `date`) VALUES (47,6,34,5,'Те,кто писал в предыдущих ком-ях \"интересная книжка\",  недостойны читать \"Планету людей\".Вы не узнали себя в чиновниках из автобуса???? Это книга Воина и Пилота не для вас...Неужели никто не наслаждался языком писателя? Курс на звезду, пальмовые листья на воде и пр.?Эх, люди,.... \"гармонично-лаконичная форма\",\"скучно читать\",\"философия о жизни\". \"Планету людей\" надо читать и перечитывать, чтобы не забыть о том,что ты Человека не \"читатель газет\"','2020-03-20');
INSERT INTO `reviews` (`id`, `books_id`, `reader_id`, `rating`, `comment`, `date`) VALUES (48,6,15,5,'Невероятная работа. В книге есть глубина и это самая отличительная черта писателя!','2020-09-16');
INSERT INTO `reviews` (`id`, `books_id`, `reader_id`, `rating`, `comment`, `date`) VALUES (49,7,18,5,'Язык красочный, сочный. Образы необычны, но читать не могу. Меня утомляют скачки его мыслей с одного на другое и я теряю интерес.','2013-03-31');
INSERT INTO `reviews` (`id`, `books_id`, `reader_id`, `rating`, `comment`, `date`) VALUES (50,7,25,5,'Книга шикарна. Язык шикарен. Как,впрочем,и всегда у Набокова. Я не знаю другого русского писателя-кроме,пожалуй,Пастернака-который бы так мастерски играл со словом,настолько приручил его,был с ним на равных. Сюжет не даёт отвлечься ни на минуту,книга читается запоем до самого последнего слова. Это настоящая литература,а Набоков-гениальный писатель.','2013-11-19');
INSERT INTO `reviews` (`id`, `books_id`, `reader_id`, `rating`, `comment`, `date`) VALUES (51,7,20,5,'6-й роман Набокова на криминальную тему.Сюжет незатейлив. На сухом языке уголовного права - убийство из корыстных побуждений. Таких совершается тьма во всех географических широтах помимо Германии.И как это сделать предметом искусства? Набоковский универсальный и всеобъемлющий литературный гений и в этом преуспел.И это благодаря великолепной писательской логике, умению вести последовательно захватывающее повествование, неподражаемому языку, которым Набоков владеет безукоризненно.Вот герой повествования везет в машине по лесной местности свою супругу Лидию и ее двоюродного брата Ардалиона: \"Я подскакивал, рядом подскакивала Лида, сзади подскакивал Ардалион и говорил: \"Мы сейчас(гоп)въедем в лес(гоп), и там(гоп-гоп) по вереску пойдет легче (гоп).\" Превосходно! Ценителям хорошей литературы и русского языка читать непременно!','2014-08-29');
INSERT INTO `reviews` (`id`, `books_id`, `reader_id`, `rating`, `comment`, `date`) VALUES (52,7,34,5,'Сюжет совершенно не замысловатый,растянутое начало,действие начинает происходить лишь где-то к середине,концовка предсказуема,правда,я ждала,что труп будет жив,но с другой стороны тут вариантов окончания не так уж и много.Если бы не Набоков со своими полетами мысли и фантазии вообще бы не читала.То как автор описывает вещи дорогого стоит.Это уже третья его книга которую я прочла и каждый раз поражаюсь как неподражаем автор.Читайте и наслаждайтесь!','2015-03-08');
INSERT INTO `reviews` (`id`, `books_id`, `reader_id`, `rating`, `comment`, `date`) VALUES (53,7,24,2,'Мне книга совершенно не понравилась , с самого начала было скучно , я даже до середины не смогла заставить себя прочесть...','2015-06-29');
INSERT INTO `reviews` (`id`, `books_id`, `reader_id`, `rating`, `comment`, `date`) VALUES (54,9,10,4,'Набоков любит писать о себе. Самовлюблённый автор, но, несмотря на это, люблю его читать!','2018-04-17');
INSERT INTO `reviews` (`id`, `books_id`, `reader_id`, `rating`, `comment`, `date`) VALUES (55,10,20,5,'Классика есть классика . Читайте и наслаждайтесь.','2012-08-02');
INSERT INTO `reviews` (`id`, `books_id`, `reader_id`, `rating`, `comment`, `date`) VALUES (56,10,33,5,'Люблю Чехова, особенно его маленькие рассказы.','2012-08-09');
INSERT INTO `reviews` (`id`, `books_id`, `reader_id`, `rating`, `comment`, `date`) VALUES (57,10,26,4,'Чехов действительно замечательный, и его маленькие рассказы просто супер! Хотя не каждому и по вкусу!','2012-08-28');
INSERT INTO `reviews` (`id`, `books_id`, `reader_id`, `rating`, `comment`, `date`) VALUES (58,10,7,5,'Хорошее произведение. Много смысла.','2013-07-10');
INSERT INTO `reviews` (`id`, `books_id`, `reader_id`, `rating`, `comment`, `date`) VALUES (59,10,18,5,'Пьесы Антона Чехова всегда актуальны:\" Живешь в таком климате, того гляди, снег пойдет, а тут еще эти разговоры...\"','2013-07-10');
INSERT INTO `reviews` (`id`, `books_id`, `reader_id`, `rating`, `comment`, `date`) VALUES (60,10,25,5,'Пьеса о жизни вокруг,о людях которые были есть и будут,о смысле жизни и его поиске.Желание изменить жизнь в лучшую сторону здесь ассоциируется с переездом в Москву,но так ли это?Может все-таки,как в известной цитате:\"лучше там где нас нет?\"А вообще все зависит только от самого человека,и чтобы изменить что-то нужно начать в первую очередь с себя а не с места жительства. Ещё я узнала откуда эта знаменитая,и мною любимая фраза:\"насильно мил не будешь\"-спасибо Чехову.','2015-01-11');
INSERT INTO `reviews` (`id`, `books_id`, `reader_id`, `rating`, `comment`, `date`) VALUES (61,10,17,5,'Душевная, но реалистичная, пьеса о разногласиях между желаемым и получаемым.','2015-08-14');
INSERT INTO `reviews` (`id`, `books_id`, `reader_id`, `rating`, `comment`, `date`) VALUES (62,10,24,5,' Боже, как же современен Чехов! Может быть, поэтому его за границей знают лучше Пушкина. Ведь это надрывное \"В Москву! В Москву\" - это метафорический крик о помощи, желание спастись от пошлости - главного врага человека.','2016-08-21');
INSERT INTO `reviews` (`id`, `books_id`, `reader_id`, `rating`, `comment`, `date`) VALUES (63,10,12,4,'Скучновато,по сравнению с \"Чайкой\" как по мне,но затягивает,ведь \"чеховские\" герои всегда удивительные и по-своему живы и красочны…','2019-03-05');
INSERT INTO `reviews` (`id`, `books_id`, `reader_id`, `rating`, `comment`, `date`) VALUES (64,10,23,5,'И снова мне грустно,после Чехова.Много слез и несбыточных надежд.Разве что для жены Андрея,всё сложилось самым замечательным образом,чего не скажешь об остальных персонажах.Сестры и Андрей глубоко несчастные,одинокие люди.Как правило у такой истории трагический финал.Мда... Наверное Чехова лучше смотреть,чем читать. Всем мира!','2021-09-29');
INSERT INTO `reviews` (`id`, `books_id`, `reader_id`, `rating`, `comment`, `date`) VALUES (65,11,11,5,'Нормуль книга . Впечатлений много от этой книге ... тронуло до глубины души .','2012-09-28');
INSERT INTO `reviews` (`id`, `books_id`, `reader_id`, `rating`, `comment`, `date`) VALUES (66,11,34,5,'Книгу эту последний раз читала очень давно!Тронула до глубины души, долго плакала не могла успокоится. Советую прочитать.','2013-02-25');
INSERT INTO `reviews` (`id`, `books_id`, `reader_id`, `rating`, `comment`, `date`) VALUES (67,11,36,5,'Каккие же сильные, глубокие произведение у Бориса Васильева. Непередаваемые эмоции...','2014-04-05');
INSERT INTO `reviews` (`id`, `books_id`, `reader_id`, `rating`, `comment`, `date`) VALUES (68,11,15,5,'Чудесная книга. Персонажи прочувствованные, интересные, во время прочтения они стояли передо мною, как живые, конец очень растрогал. Десять из десяти.)','2014-04-12');
INSERT INTO `reviews` (`id`, `books_id`, `reader_id`, `rating`, `comment`, `date`) VALUES (69,11,17,5,'Конечно, порой интересно читать не только о самой Великой Отечественной войне, о боях и солдатах, но и том, что произошло еще до военных действий. Замечательная, трогательная книга о взрослении, о том, как обычным школьникам неожиданно приходится сталкиваться со столь большими трудностями в жизни. Васильев невероятный мастер слова, и я читала произведение не отрываясь. Особо затронула непростая судьба Вики Люберецкой. Книга, о прочтении которой ни в коем случае не пожалеешь.','2014-06-02');
INSERT INTO `reviews` (`id`, `books_id`, `reader_id`, `rating`, `comment`, `date`) VALUES (70,11,18,5,'Замечательная книга,сильно понравилась,советую всем прочитать.','2014-10-07');
INSERT INTO `reviews` (`id`, `books_id`, `reader_id`, `rating`, `comment`, `date`) VALUES (71,11,20,5,'Полностью согласна со всеми, книга очень трогательная. Советую прочитать!','2014-11-26');
INSERT INTO `reviews` (`id`, `books_id`, `reader_id`, `rating`, `comment`, `date`) VALUES (72,11,23,5,'Книгу уже стоит прочесть, хотя бы потому, что ее автор Борис Васильев. Эта самая лучшая рекомендация к прочтению.Еще и то,что когда-то была в ходу формула \"Есенин - упаднический поэт, он кабаки воспевал\", а также, что высшее завоевание справедливости - это не \"наш Советский Союз\", как думала наивная Искра, а, оказывается, - презумпция невиновности...','2014-12-14');
INSERT INTO `reviews` (`id`, `books_id`, `reader_id`, `rating`, `comment`, `date`) VALUES (73,11,24,5,'Словами не описать тех эмоций, что вызвала во мне эта книга. 50 оттенков боли и сожаления, особенно в эпилоге. Превосходная и очень сильная книга.','2015-02-20');
INSERT INTO `reviews` (`id`, `books_id`, `reader_id`, `rating`, `comment`, `date`) VALUES (74,11,25,5,'Великолепное произведение! Тронуло до глубины души! Над стольким заставляет задуматься и сделать для себя собственные выводы! У меня никогда не было на столько горьких слёз!Особенно про то, что \"следующий год будет лучше, вот уведите! Следующий год был тысяча девятьсот сорок первый.\"Спасибо!Спасибо большое!Спасибо. Это стоит прочитать каждому человеку, каждой живой душе. Эта книга может пробудить вас от то сна, как и меня. Спасибо!!!','2019-12-12');
INSERT INTO `reviews` (`id`, `books_id`, `reader_id`, `rating`, `comment`, `date`) VALUES (75,11,26,5,'Очень тронуло произведение, до глубины души, до слёз','2020-08-29');
INSERT INTO `reviews` (`id`, `books_id`, `reader_id`, `rating`, `comment`, `date`) VALUES (76,12,9,3,'К сожалению вообще не зашло,не рекомендую тратить время.','2020-06-29');
INSERT INTO `reviews` (`id`, `books_id`, `reader_id`, `rating`, `comment`, `date`) VALUES (77,12,29,5,'Довольно интересная книга. Есть дельные замечания!','2020-09-16');
INSERT INTO `reviews` (`id`, `books_id`, `reader_id`, `rating`, `comment`, `date`) VALUES (78,13,34,5,'Книга чудесная. Добрая и мудрая. Особенно поражает персонаж Маленького принца, он такой маленький, но понимает и знает больше любого взрослого человека','2011-07-21');
INSERT INTO `reviews` (`id`, `books_id`, `reader_id`, `rating`, `comment`, `date`) VALUES (79,13,13,5,'Я взрослый человек и без ума от этой сказки. Присоединяюсь к предыдущим комментарием,мудрости в этик нескольких страниц хоть отбавляй.Буду перечитывать эту книжку снова и снова. В ней есть, что-то на столько светлое, что кажется на долю секунды я сама становлюсь маленькой девочкой. И мне по чему-то хотелось плакать, то ли от того, что она такая коротенькая, то ли я все приняла близко к сердцу...','2011-08-05');
INSERT INTO `reviews` (`id`, `books_id`, `reader_id`, `rating`, `comment`, `date`) VALUES (80,13,36,5,'Обожаю те книги,где присутствует философия. ,,Маленький принц,, не исключение. Это,наверное моя самая любимая из всех сказок','2011-08-06');
INSERT INTO `reviews` (`id`, `books_id`, `reader_id`, `rating`, `comment`, `date`) VALUES (81,13,15,5,'Замечательная добрая книжка. \"Зорко одно лишь сердце. Самого главного глазами не увидишь\"','2012-01-26');
INSERT INTO `reviews` (`id`, `books_id`, `reader_id`, `rating`, `comment`, `date`) VALUES (82,13,9,5,'Сказка с философским уклоном,способствует повышению нравственности,гуманности человека:\"Мы в ответе за тех,кого приручили\".Чудесная,светлая книга,после ее прочтения сразу хочется любить весь мир и защищать слабых)','2012-03-09');
INSERT INTO `reviews` (`id`, `books_id`, `reader_id`, `rating`, `comment`, `date`) VALUES (83,13,7,5,'Книга необычная. Заставляет задуматься. А главный герой подаёт пример. Мне понравилось. Интересное чтиво!!!','2012-05-01');
INSERT INTO `reviews` (`id`, `books_id`, `reader_id`, `rating`, `comment`, `date`) VALUES (84,13,16,5,'Мне тоже очень понравилась книга \"Маленький принц\". Такая добрая, светлая книжка! Многому учит. Растрогала меня до слёз.','2012-07-18');
INSERT INTO `reviews` (`id`, `books_id`, `reader_id`, `rating`, `comment`, `date`) VALUES (85,13,17,5,'Замечательная книга! \"Мы в ответе за тех, кого приручили\"- я навсегда запомнила эту фразу)))','2013-08-21');
INSERT INTO `reviews` (`id`, `books_id`, `reader_id`, `rating`, `comment`, `date`) VALUES (86,13,18,5,'Мудрая сказка.Спасибо Экзюпери!','2013-08-24');
INSERT INTO `reviews` (`id`, `books_id`, `reader_id`, `rating`, `comment`, `date`) VALUES (87,13,19,5,'Конечно, это не детская книга. Тут не сюжет важен, а скрытый смыл ребёнку будет не ясен. В детстве \"Маленькому принцу\"я предпочитала \"Волшебника Изумрудного города\", в школе я тоже находила книжки поинтереснее. И только в университете смогла оценить силу каждой строчки, это крохотное произведение нужно просто заучить, потому что разобрать на цитаты не возможно. \"Маленький принц\" - одна большая цитата жизни.','2013-08-30');
INSERT INTO `reviews` (`id`, `books_id`, `reader_id`, `rating`, `comment`, `date`) VALUES (88,13,20,5,'невероятно, столько раз я это читала и столько раз испытывала наслаждение. жаль что это чудо так мало читают сегодня молодые романтики','2013-09-15');
INSERT INTO `reviews` (`id`, `books_id`, `reader_id`, `rating`, `comment`, `date`) VALUES (89,13,23,5,'\"Мы в ответе за тех, кого приручили\"-замечательная фраза! первый раз читала лет пять назад. прекрасная и очень поучительная книга!','2014-02-16');
INSERT INTO `reviews` (`id`, `books_id`, `reader_id`, `rating`, `comment`, `date`) VALUES (90,13,24,5,'Это самая замечательная история,которую я когда-либо читала!В конце,плакала так,что не могла остановиться и еле-еле дочитала...Искренне не понимаю людей,кого эта книга не растрогала!Столько искренности и мудрости на этих страницах собрано…','2014-07-25');
INSERT INTO `reviews` (`id`, `books_id`, `reader_id`, `rating`, `comment`, `date`) VALUES (91,13,25,5,'Превосходная книга! Я в восторге! Спасибо!','2014-12-09');
INSERT INTO `reviews` (`id`, `books_id`, `reader_id`, `rating`, `comment`, `date`) VALUES (92,13,26,5,'Я без ума от книжки!!!  Она учит мудрости, сочувственности и на мой взгляд, открывает истину!','2015-04-15');
INSERT INTO `reviews` (`id`, `books_id`, `reader_id`, `rating`, `comment`, `date`) VALUES (93,13,28,5,'Это великолепие!!!! Настолько простым, детским языком описаны взрослые чувства!Думаю,у каждого есть для него особенная, неповторимая, своя роза! Любимейшая книга! Многому учит и многое объясняет! Помните: мы в ответе за тех, кого приручили!','2015-10-13');
INSERT INTO `reviews` (`id`, `books_id`, `reader_id`, `rating`, `comment`, `date`) VALUES (94,13,29,5,'Прекрасная книга, полная мудрости и философии. Книга слегка печальная, поэтому трудно назвать всего лишь сказкой. Здесь скрывается более тонкий смысл, чем просто сказка о мальчике с другой планеты.','2015-12-16');
INSERT INTO `reviews` (`id`, `books_id`, `reader_id`, `rating`, `comment`, `date`) VALUES (95,13,31,5,'Интересная, добрая и мудрая книга, читается очень легко и быстро.','2016-04-01');
INSERT INTO `reviews` (`id`, `books_id`, `reader_id`, `rating`, `comment`, `date`) VALUES (96,13,33,5,'Очень сильная книга.И мне кажется совсем не для детей, её нужно читать всем взрослым.Она помогает понять,что в жизни главное, не деньги,не карьера, не вечная суета,а главное то,что нас окружает.Просто стоит остановиться и посмотреть вокруг и тогда увидишь прекрасное в обыденном.','2016-08-26');
INSERT INTO `reviews` (`id`, `books_id`, `reader_id`, `rating`, `comment`, `date`) VALUES (97,14,30,5,'Просто замечательная книга. Из неё можно вынести очень много того, что потом пригодится в далнейшей жизни. Такая жизненная книга...Очень впечатлило...Советую','2014-02-05');
INSERT INTO `reviews` (`id`, `books_id`, `reader_id`, `rating`, `comment`, `date`) VALUES (98,14,33,5,'\"Победа ослабляет народ; поражение пробуждает: в нем новые силы. Ривьер потерпел поражение, но оно может стать уроком, который приблизит подлинную победу.\" Ривьер любой ценой отстаивает свои интересы и никакие жертвы его не остановят,чтобы отстоять ночные полёты. Очередной раз открыла для себя Экзюпери,очередной раз впечатлил!','2014-10-29');
INSERT INTO `reviews` (`id`, `books_id`, `reader_id`, `rating`, `comment`, `date`) VALUES (99,14,36,5,'Написано просто изумительно. Очень много глубоких мыслей. Мне очень понравилось. Ночь и вправду живёт своей жизнью, пока большинство из нас предаётся миру сновидений ','2019-04-21');
INSERT INTO `reviews` (`id`, `books_id`, `reader_id`, `rating`, `comment`, `date`) VALUES (100,14,35,5,'Невероятная книга! Мне безумно понравилось) Оставляет под впечатлением)','2020-09-16');
INSERT INTO `reviews` (`id`, `books_id`, `reader_id`, `rating`, `comment`, `date`) VALUES (101,14,15,5,'Невероятная книга. Захватывает с первых строк!','2021-10-25');
INSERT INTO `reviews` (`id`, `books_id`, `reader_id`, `rating`, `comment`, `date`) VALUES (102,14,8,5,'','2018-04-26');
INSERT INTO `reviews` (`id`, `books_id`, `reader_id`, `rating`, `comment`, `date`) VALUES (103,14,12,5,'','2018-08-24');
INSERT INTO `reviews` (`id`, `books_id`, `reader_id`, `rating`, `comment`, `date`) VALUES (104,14,16,5,'','2019-03-12');
INSERT INTO `reviews` (`id`, `books_id`, `reader_id`, `rating`, `comment`, `date`) VALUES (105,14,20,5,'','2020-09-17');
INSERT INTO `reviews` (`id`, `books_id`, `reader_id`, `rating`, `comment`, `date`) VALUES (106,14,26,5,'','2021-03-03');
INSERT INTO `reviews` (`id`, `books_id`, `reader_id`, `rating`, `comment`, `date`) VALUES (107,15,28,5,'Интересное, увлекательное произведение от потрясающего автора)))','2020-09-16');
INSERT INTO `reviews` (`id`, `books_id`, `reader_id`, `rating`, `comment`, `date`) VALUES (108,16,17,5,'Первый раз читала эту книгу лет в 17. Она, как мне кажется, повлияла на становление моей личности. Сейчас перечитала с большим удовольствием. Сложные обстоятельства жизни (в данном случае война) проявляют в человеке его лучшие качества. Как у немецкого хирурга, который помогал как мог всем. И любовь сильного мужчины в сложных условиях. Я долго искала такого мужчину и нашла. Ремарка надо читать всем. И все книги. Они не тяжелые, они сильные. Они заставляют переосмысливать свою жизнь и дают возможность жить лучше.','2017-12-03');
INSERT INTO `reviews` (`id`, `books_id`, `reader_id`, `rating`, `comment`, `date`) VALUES (109,16,24,5,'Душевная книга. Заставляет задуматься сколько же люди делают глупостей теряя самое дорогое из-за банального страха перемен ','2017-07-14');
INSERT INTO `reviews` (`id`, `books_id`, `reader_id`, `rating`, `comment`, `date`) VALUES (110,16,12,5,'Ремарк–писатель души. После его книг, уверяю, что вы не сможете ничего читать. Его произведения и затрагивают до глубины души. Ты прочувствуешь каждое слово, каждую фразу, сказанную в этой книге. Безусловно, книга не легка. Философские мысли, длинные диалоги. Но это именно то, что цепляет в его произведениях.','2018-11-25');
INSERT INTO `reviews` (`id`, `books_id`, `reader_id`, `rating`, `comment`, `date`) VALUES (111,16,30,5,'Когда читала «Триумфальную арку» не покидало ощущение, что те чувства, которые испытывал главный герой Ремарка – это не придуманное, все это должен был испытать и сам автор. Потом я прочитала историю романа Ремарка и Марлен Дитрих – в «Триумфалтной арке» он описывал свою историю любви, Жоан Маду – это прототип Дитрих. Концовка только отличается от жизненной истории.','2020-03-20');
INSERT INTO `reviews` (`id`, `books_id`, `reader_id`, `rating`, `comment`, `date`) VALUES (112,16,18,5,'Роман заставляет задуматься и переосмыслить время… Читала его под песни великой Марлен Дитрих и было такое ощущение, как – будто жила в ту эпоху… Спасибо Эриху Ремарку что дал почувствовать то время, побывать мысленно в Париже!!!!','2020-09-16');
INSERT INTO `reviews` (`id`, `books_id`, `reader_id`, `rating`, `comment`, `date`) VALUES (113,17,28,5,'Это первая книга о приключениях Незнайки. И наиболее понятна и близка детям. Это веселый детский мир, где дети могут в воображении жить в Цветочном городе вместе с героями книги и решать проблемы, которые свойственны именно детям. Потому что в Цветочном городе взрослых нет. Там живут малыши – коротышки. Это безопасный мир 0+. Маркировка книг – это не указание возраста для чтения данной книги. К 0+ относится вся информационная продукция, содержащая информацию, не причиняющую вреда здоровью и развитию детей. Иллюстрировал книгу Вадим Челак – известный художник-иллюстратор.','2020-08-28');
INSERT INTO `reviews` (`id`, `books_id`, `reader_id`, `rating`, `comment`, `date`) VALUES (114,17,10,5,'Добрая и душевная книга с любимыми из детства персонажами, которая не нуждается в каком-либо представлении! Перед нами первая часть серии книг о приключении забавного недотёпы Незнайки и его друзей-коротышек из Цветочного города.','2019-12-03');
INSERT INTO `reviews` (`id`, `books_id`, `reader_id`, `rating`, `comment`, `date`) VALUES (115,17,28,5,'Интересная и очень хорошая. Хвалю автора за идею. Пряяяяяяям прекрасная книга, которую будет итересно почитать вашему ребенку','2021-02-13');
INSERT INTO `reviews` (`id`, `books_id`, `reader_id`, `rating`, `comment`, `date`) VALUES (116,17,34,5,'Это веселая книга про сказочный мир любимых героев. Первая книга из серии. Ее легко читать маленьким читателям, и запоминается на многие годы','2021-06-02');
INSERT INTO `reviews` (`id`, `books_id`, `reader_id`, `rating`, `comment`, `date`) VALUES (117,17,8,5,'Самая любимая книга моего детства.Я до сих пор читать его снова и снова. Я сначала купил старые книги советской эпохи.Сейчас снова купил эту.','2021-01-19');
INSERT INTO `reviews` (`id`, `books_id`, `reader_id`, `rating`, `comment`, `date`) VALUES (118,17,20,4,'Книга очень позитивная, в ней много разносторонних персонажий. Однако, в рассказе не хватает злодея и противостояния с ним. Будем читать продолжение.','2020-07-07');
INSERT INTO `reviews` (`id`, `books_id`, `reader_id`, `rating`, `comment`, `date`) VALUES (119,18,23,5,'Одна из самых моих любимых книг. История настоящей любви. Иногда перечитываешь любимые отрывки и мечтаешь о таких же чувствах. Шарлотта Бронте донесло до нас, насколько любви безразлична красота. Всё, что любишь кажется тебе прекрасным…','2011-07-24');
INSERT INTO `reviews` (`id`, `books_id`, `reader_id`, `rating`, `comment`, `date`) VALUES (120,18,24,5,'Очень интересная книга. Я читала еще несколько раз, но с каждым разом она кажется мне еще интереснее, если только такое возможно.Книга заставляет задуматься о многом, например о том, что никогда не нужно сдаваться, какие бы испытания не приподносила тебе судьба, или о том, что настоящая любовь соединяет людей не обращая внимания ни на какие трудносто. Очень люблю эту книгу','2011-07-30');
INSERT INTO `reviews` (`id`, `books_id`, `reader_id`, `rating`, `comment`, `date`) VALUES (121,18,25,5,'Один из самых потрясающих английских романов, и не только любовных. Эта тема актуальна как тогда, так и сейчас. Мне безумно понравилось. Наверное, не зря именно эту книгу экранизировали такое количество раз. Стоит прочитать и задуматься о своей жизни, и, конечно же, о любви...невероятно приятное послевкусие...','2012-09-04');
INSERT INTO `reviews` (`id`, `books_id`, `reader_id`, `rating`, `comment`, `date`) VALUES (122,18,26,5,'Прекрасная книга, читая её невольно задумываешься о том, как бы сама поступила на месте главной героини...А главный плюс книги в том, что в ней затронуты темы актуальные и в современном мире','2014-10-28');
INSERT INTO `reviews` (`id`, `books_id`, `reader_id`, `rating`, `comment`, `date`) VALUES (123,18,34,5,'Это книга поразила меня, она мне так понравилась. Шарлотта Бронте - превосходный писатель. Я переживала то все, что переживала Джейн Эйр, вместе с ней. А мистер Рочестер, боже... он беспрекословно достоин той жизни, которую он захочет. Я и предположить не могла, что любовь его так сильна, я думала, что к Джейн Эйр он чувствует только симпатию. Я не находила в себе силы отрываться от чтения, я очень хотела побыстрее дойти до последней странички, а когда уже наконец прочла последнее предложение, я, честно, жалела, что книга закончилась. Я очень довольна финалом, все закончилось так, как я и хотела.','2016-01-28');
INSERT INTO `reviews` (`id`, `books_id`, `reader_id`, `rating`, `comment`, `date`) VALUES (124,18,36,5,'книга очень понравилась, хожу под впечатлением третий день. посмотрела экранизацию романа 2011 года и решила прочитать, книга в сто раз лучше. Героиня личность не однозначная, во многом странная, иногда мне асболютно ненравившаяся. мистер Рочестер очень понравился. он не пресный, не приторно положительный персонаж, а человек с недостатками и прошлым. пусть он странный и иногда грубый (кстати в фильме 2011 года он намного неприятнее и грубее,чем в книге не знаю зачем они его таким изобразили), но в нем это и привлекает Джен. как говорят хорошие девочки любят плохих мальчиков). Книга просто супер. обязательно буду ее перечитывать.','2017-02-10');
INSERT INTO `reviews` (`id`, `books_id`, `reader_id`, `rating`, `comment`, `date`) VALUES (125,18,28,5,'Жизненная история Джен - это не история Золушки, ведь мисс Эйр, быть может, не стала красивой и не выскочила замуж за озолочённого принца, но зато нашла любовь и обрела простое человеческое счастье. Эта драматическая книга найдёт своих читателей (в большинстве своём, конечно, читательниц) и научит их не унывать, сталкиваясь с проблемами. Всё в этой жизни компенсируется.','2018-02-16');
INSERT INTO `reviews` (`id`, `books_id`, `reader_id`, `rating`, `comment`, `date`) VALUES (126,18,29,5,'Перед вами - одна из самых знаменитых книг всех времён и народов. Книга, на которой выросли поколения и поколения читательниц. Книга, которая не стареет и не теряет своего обаяния. Книга, которая экранизировалась бессчетное количество раз, однако даже удачные экранизации не в силах были передать всю её прелесть и всю силу её воздействия на женское сердце. Перед вами просто \"Джейн Эйр\". \"Джейн Эйр\", которая стоит неизмеримо выше любых похвал... Если найдете, то обязательно прочтите: Барбара Форд \"Рождество в Индии\". Там Джейн перенесет нечто новое..','2019-02-27');
INSERT INTO `reviews` (`id`, `books_id`, `reader_id`, `rating`, `comment`, `date`) VALUES (127,25,20,5,'«Роуд-стори», наверное, самый популярный тип сюжета для множества постапокалиптических и фэнтезийных произведений. В этой книге  авторский мир мутный, тяжёлый, насыщенный беспросветным и бесконечным ужасом, в котором искажённые, изувеченные, несчастные люди умудряются как-то выживать.  Главные герои условно немые. Странник молчит — мы не слышим его мыслей, не видим его рефлексии, младенец по вполне понятным причинам до самого финала только угукает, а коза — о, коза, конечно, выдаёт весь спектр эмоций, только тоже без слов. В итоге читатель вынужден самостоятельно разгадывать загадку Странника. Любопытное произведение на стыке постапокалипсиса, тёмного фэнтези и weird-хоррора.','2021-11-16');
INSERT INTO `reviews` (`id`, `books_id`, `reader_id`, `rating`, `comment`, `date`) VALUES (128,25,26,5,'','2021-11-19');
INSERT INTO `reviews` (`id`, `books_id`, `reader_id`, `rating`, `comment`, `date`) VALUES (129,25,28,5,'','2021-12-12');
INSERT INTO `reviews` (`id`, `books_id`, `reader_id`, `rating`, `comment`, `date`) VALUES (130,26,15,5,'Трилогия Странника — это яркая, причудливая и увлекательная смесь из фэнтези, фантастики и постапокалиптики, которая придётся по нраву всем поклонникам Джорджа Мартина и Джо Аберкромби. Роман «Злость» продолжает историю «Странника». В романе в меру всего - и приключений, и сражений, и объяснений существующего мироустройства, а вот мрачности стало поменьше.','2021-11-16');
INSERT INTO `reviews` (`id`, `books_id`, `reader_id`, `rating`, `comment`, `date`) VALUES (131,28,10,4,'книга на любителя.на любителя философии и классической музыки. конец какой-то скомканный получился.хотелось бы всё-таки узнать,как герой исправит свою жизнь.','2017-07-17');
INSERT INTO `reviews` (`id`, `books_id`, `reader_id`, `rating`, `comment`, `date`) VALUES (132,29,34,5,'Очень достойная серия,написано просто и одновременно емко,всем интересующимся темой попаданцев советую.Автору БРАВО,библиотеке-СПАСИБО!','2019-07-10');
INSERT INTO `reviews` (`id`, `books_id`, `reader_id`, `rating`, `comment`, `date`) VALUES (133,29,15,5,'согласна,серия хорошая и у неё логичный конец. читается легко. и да...хотелось бы таких изменений в бывшем СССР.','2020-04-09');
INSERT INTO `reviews` (`id`, `books_id`, `reader_id`, `rating`, `comment`, `date`) VALUES (134,30,28,3,'Не зашло. Уныло, многословно, тягуче. Много нестыковок, примитивности.','2019-07-05');
INSERT INTO `reviews` (`id`, `books_id`, `reader_id`, `rating`, `comment`, `date`) VALUES (135,30,33,3,'Кто? Куда? Зачем? Ответов на эти вопросы в этой книге нет. Подожду следующую.','2019-07-06');
INSERT INTO `reviews` (`id`, `books_id`, `reader_id`, `rating`, `comment`, `date`) VALUES (136,30,34,5,'Понравилось.Рекомендую.Концовка конечно никакая,но вроде бы уже есть прода.','2020-04-26');
INSERT INTO `reviews` (`id`, `books_id`, `reader_id`, `rating`, `comment`, `date`) VALUES (137,30,36,5,'Очень добротно написано. Читается легко. И конечно интересно, что же дальше! Загадки, интриги, путешествия и сражения, всё без глупой спешки и пустого. Концовка конечно пустая - просто взял и закончил писать на определённом отрезке повествования. Да ещё и после могилы всё очень непродуманно что-ли, как-то блёкло и неправильно. Ну думаю дальше будет интересней!','2020-04-28');
INSERT INTO `reviews` (`id`, `books_id`, `reader_id`, `rating`, `comment`, `date`) VALUES (138,30,17,5,'Понравилось, сначала думала Попаданец очередной,но нет ,сюжет закручен ,буду ждать продолжения','2020-05-05');
INSERT INTO `reviews` (`id`, `books_id`, `reader_id`, `rating`, `comment`, `date`) VALUES (139,31,16,5,'хорошее чтиво, добротное. первая часть прямо в душу, детство у меня совсем не такое было - но все равно захотелось лета и каникул, и к бабушке. правда,описание обещало  что-то большее, про третий мир который проглядывает  из-за первых двух - это немного  громко  сказано. связь как-бы есть, но ее как-бы нет, хорошо было бы развить вот это вот все. но удовольствие от прочтения все равно есть.','2021-07-27');
INSERT INTO `reviews` (`id`, `books_id`, `reader_id`, `rating`, `comment`, `date`) VALUES (140,32,31,5,'А ничего так книжечка! Читалась на одном дыхании. Написано, что продолжение следует, но по-моему она и так самодостаточна.','2020-09-26');
INSERT INTO `reviews` (`id`, `books_id`, `reader_id`, `rating`, `comment`, `date`) VALUES (141,34,31,5,'Просто хорошая книга, да, плохих книг у Автора нет, но эта ровная хорошая книга... Ждём продолжение.','2017-10-17');
INSERT INTO `reviews` (`id`, `books_id`, `reader_id`, `rating`, `comment`, `date`) VALUES (142,34,34,5,'Хорошо написано, правда о переходе в другое время и время первого героя не совпадают. А так книга интересная.','2018-06-26');
INSERT INTO `reviews` (`id`, `books_id`, `reader_id`, `rating`, `comment`, `date`) VALUES (143,34,23,5,'хорощо написано но нужно продолжение.будем ждать.','2018-06-28');
INSERT INTO `reviews` (`id`, `books_id`, `reader_id`, `rating`, `comment`, `date`) VALUES (144,34,11,2,'Тупая пропаганда,кроме грязи и жестокости ниче интересного,жаль автора после нуба такую хрень писать!','2019-05-17');
INSERT INTO `reviews` (`id`, `books_id`, `reader_id`, `rating`, `comment`, `date`) VALUES (145,34,24,2,'Я, кстати, в пропаганде ничего плохого не вижу- не все ж контрпропаганда хавать... Но... Блин, ну не такую же топорную!','2019-07-31');
INSERT INTO `reviews` (`id`, `books_id`, `reader_id`, `rating`, `comment`, `date`) VALUES (146,34,25,4,'Нормально, всё с стиле автора. Жду проду.','2020-07-25');
INSERT INTO `reviews` (`id`, `books_id`, `reader_id`, `rating`, `comment`, `date`) VALUES (147,35,17,2,'Классическая книга \"женщина для женщин\". Каменистый и так в последнее время был \"не торт\", а тут вообще какой то отстой за его соавторством. Фу.','2017-10-17');
INSERT INTO `reviews` (`id`, `books_id`, `reader_id`, `rating`, `comment`, `date`) VALUES (148,35,18,2,'Нет тут Каменистого от слова \"совсем\".','2017-10-20');
INSERT INTO `reviews` (`id`, `books_id`, `reader_id`, `rating`, `comment`, `date`) VALUES (149,35,19,5,'Мальчикам не понравилось,ну а мне очень даже и продолжения хочется.','2017-11-07');
INSERT INTO `reviews` (`id`, `books_id`, `reader_id`, `rating`, `comment`, `date`) VALUES (150,35,20,3,'типичная коммерческая жвачка .ходили,ходили-подрались, потом побегали ,попрятались -опять подрались...и в итоге полный пшик! и,конечно,традиционное отсутствие концовки. так можно и сотню книг написать ,толочь воду в ступе занятие не хитрое. а ведь каждая книга не имеющая логического завершения теряет всякий смысл.все равно как обрывок газеты в туалете читать. как то сразу не ожидала от этой книги ничего хорошего, но действительность оказалась совсем уж в районе плинтуса.действительно-фу...','2018-03-16');
INSERT INTO `reviews` (`id`, `books_id`, `reader_id`, `rating`, `comment`, `date`) VALUES (151,35,34,4,'Ну... что тут сказать... опять накладываются некоторые штампы Каменистого. Читается легко, главным образом потому что местами можно конкретно пропускать копи-пасты инфы по \"миру Улья\". Никаких нарушений по этой самой бестиарии не обнаружил. Напрягают гипертрофированые характеры девочек.','2018-03-21');
INSERT INTO `reviews` (`id`, `books_id`, `reader_id`, `rating`, `comment`, `date`) VALUES (152,35,21,5,'','2019-02-20');
INSERT INTO `reviews` (`id`, `books_id`, `reader_id`, `rating`, `comment`, `date`) VALUES (153,35,22,4,'','2019-03-23');
INSERT INTO `reviews` (`id`, `books_id`, `reader_id`, `rating`, `comment`, `date`) VALUES (154,35,23,3,'','2020-06-24');
INSERT INTO `reviews` (`id`, `books_id`, `reader_id`, `rating`, `comment`, `date`) VALUES (155,36,30,5,'Выходит ,что воевать учились в ходе боёв.Классная книга.Буду ждать продолжения.','2017-10-01');
INSERT INTO `reviews` (`id`, `books_id`, `reader_id`, `rating`, `comment`, `date`) VALUES (156,36,28,5,'А хорошо написано, не без переборов(ну кто в здравой памяти будет рассказывать, что врага отпустил?), но очень хорошо! Ещё одной хорошей книгой стало больше!','2017-10-04');
INSERT INTO `reviews` (`id`, `books_id`, `reader_id`, `rating`, `comment`, `date`) VALUES (157,36,18,5,'Очень иртересно написано,прочитал не отрываясь.Надеюсь продолжение бндет','2017-10-04');
INSERT INTO `reviews` (`id`, `books_id`, `reader_id`, `rating`, `comment`, `date`) VALUES (158,36,20,5,'А ЗАЦЕПИЛО спс автору жду продолжение аш порохом запахло пока читал','2017-10-09');
INSERT INTO `reviews` (`id`, `books_id`, `reader_id`, `rating`, `comment`, `date`) VALUES (159,36,34,5,'вот эту стоит почитать. Несколько месяцем, изо дня в день воюют за несколько домов!!!  СТАЛИНГРАД. На уничтожение идет бой. И по ситуации впечатление складывается - тот кого не убило в первые два-три дня уже приняли решение - мы уже мертвые. Только надо побольше врага с собой взять. Все разрушено, вся западная часть СССР разрушена. И ведь отстроили за пять-семь лет. Так отстраивали те, кто и воевал насмерть. Жуткий запах войны, пороха и смерти.','2017-10-25');
INSERT INTO `reviews` (`id`, `books_id`, `reader_id`, `rating`, `comment`, `date`) VALUES (160,36,15,5,'Класс. Хорошая книга. Медленная, кропотливая, день за днем работа... Побывал там. Отец тоже, в то еще время. Спасло только тяжелое ранение. Автору спасибо. Молодец.','2017-11-16');
INSERT INTO `reviews` (`id`, `books_id`, `reader_id`, `rating`, `comment`, `date`) VALUES (161,36,36,4,'Очень похоже на Марченко и Поселягина .у гг всё получается прям жуть.особенно смешно перемещения из СССР в США,а по стране катается так совсем смешно становится сразу видно писатель не жил при  Сталине.но читать можно когда нет чего нибудь стоящего.','2019-03-25');
INSERT INTO `reviews` (`id`, `books_id`, `reader_id`, `rating`, `comment`, `date`) VALUES (162,36,8,4,'Нормально зашло. Без соплей и слюнопускания!','2019-03-28');
INSERT INTO `reviews` (`id`, `books_id`, `reader_id`, `rating`, `comment`, `date`) VALUES (163,36,28,4,'Книга такая, чтобы мозг не включать. Историчностью и не пахнет. Странно, что автор не смог создать свой собственный мир, а решил клепать на уже существующих фактах. Хотя фактов тут нет. Так себе!','2019-12-06');
INSERT INTO `reviews` (`id`, `books_id`, `reader_id`, `rating`, `comment`, `date`) VALUES (164,36,29,5,'Книга интересная, с достаточной детализацией. Но есть и минусы. За что бы не взялся ГГ - у него всё получается: автомат, снайперская винтовка, нож, пистолет, граната. Прямо супер-профессионал-универсал. Автор боится диалогов, из-за этого роман много теряет, а персонажи уже не кажутся такими живыми.','2020-04-25');
INSERT INTO `reviews` (`id`, `books_id`, `reader_id`, `rating`, `comment`, `date`) VALUES (165,36,30,5,'Перечитал. Впечатление еще сильнее. Причем сейчас перечитываю всего автора, что есть тут, на сайте, и общее впечатление заслуженно хорошее, и звезды вполне заслуженные. Как и почти во всех прочитанных книгах автора.','2020-09-29');
INSERT INTO `reviews` (`id`, `books_id`, `reader_id`, `rating`, `comment`, `date`) VALUES (166,37,18,5,'Это \"крутой\"гангстерский детектив, с небольшими элементами фэнтази. В целом ок, все написано по законам жанра: гг - крутой мужик, на которого все ополчились,  полиция продажная,  гангстеры - злые, женщины вешаются на гг, загадка не очень хитроумная, но не совсем прям все очевидно. Написано хорошо. Итог: развлекательное чтение для любителей жанра на один вечер. Я любитель, поэтому рекомендую. ','2007-12-07');
INSERT INTO `reviews` (`id`, `books_id`, `reader_id`, `rating`, `comment`, `date`) VALUES (167,38,15,5,'Как давно написана книга, а читается до сих пор легко.Где же тот волчок, уводящий нас в лучшее?','2021-11-20');
INSERT INTO `reviews` (`id`, `books_id`, `reader_id`, `rating`, `comment`, `date`) VALUES (168,39,16,4,'Тяжелая книга. Больше похожа на социальную фантастику. Написана скудным языком, как военная проза. Хочется узнать, что будет дальше.','2017-06-28');
INSERT INTO `reviews` (`id`, `books_id`, `reader_id`, `rating`, `comment`, `date`) VALUES (169,40,13,5,'честно говоря мне понравилось,буду ждать проду,жаль ,что автор пишет три книги сразу','2016-05-27');
INSERT INTO `reviews` (`id`, `books_id`, `reader_id`, `rating`, `comment`, `date`) VALUES (170,40,34,5,'Офигенная книга. Если будет продолжение вообще описаюсь от восторга!','2016-06-30');
INSERT INTO `reviews` (`id`, `books_id`, `reader_id`, `rating`, `comment`, `date`) VALUES (171,40,15,5,'Книга то хорошая, интереснаятолько вот скорей всего продолжение ещё долгонько ждать придётся...','2017-01-10');
INSERT INTO `reviews` (`id`, `books_id`, `reader_id`, `rating`, `comment`, `date`) VALUES (172,40,17,5,'Вещь скорее продолжение вышло но тёмный паладин автора все-таки круче написан','2017-02-07');
INSERT INTO `reviews` (`id`, `books_id`, `reader_id`, `rating`, `comment`, `date`) VALUES (173,40,18,5,'отлично. Просто отлично. Смешение РПГ и EVE. А то уже приелись эльфы и гномы. Идея новая и надеюсь и продолжатели найдутся. По окончанию видно, что продолжение будет. Прочитаю','2017-03-16');
INSERT INTO `reviews` (`id`, `books_id`, `reader_id`, `rating`, `comment`, `date`) VALUES (174,40,20,5,'Зацепило! Хотелось бы увидедь продолжение','2017-03-16');
INSERT INTO `reviews` (`id`, `books_id`, `reader_id`, `rating`, `comment`, `date`) VALUES (175,40,23,5,'После мира Барлионы это нечто новое , но понравилось. Хотя Барлиона это... любовь... :-) :-) :-) :-)','2017-03-19');
INSERT INTO `reviews` (`id`, `books_id`, `reader_id`, `rating`, `comment`, `date`) VALUES (176,40,28,5,'Не очень любимая моя космическая темка,но в смеси с игрой даже интересно стало…','2017-06-20');
INSERT INTO `reviews` (`id`, `books_id`, `reader_id`, `rating`, `comment`, `date`) VALUES (177,40,33,5,'Перечитал. Опять увлекло. Очень понравилось. Продолжения уже очень давно нет, видимо, и совсем не будет. Основные линии-завязки романа развязаны, непонятно, о чем продолжению быть. Спасибо автору и сайту, вещь интересная.','2019-10-12');
INSERT INTO `reviews` (`id`, `books_id`, `reader_id`, `rating`, `comment`, `date`) VALUES (178,40,9,5,'','2019-11-16');
INSERT INTO `reviews` (`id`, `books_id`, `reader_id`, `rating`, `comment`, `date`) VALUES (179,40,12,5,'','2020-05-19');
INSERT INTO `reviews` (`id`, `books_id`, `reader_id`, `rating`, `comment`, `date`) VALUES (180,40,21,5,'','2020-06-21');
INSERT INTO `reviews` (`id`, `books_id`, `reader_id`, `rating`, `comment`, `date`) VALUES (181,41,28,5,'Сыну (6 лет) очень понравилась эта книга!Весёлая и интересная, познавательная книга. Не успев закончить читать, сын просит продолжение. Спасибо великому автору за истории про Незнайку!','2020-05-20');
INSERT INTO `reviews` (`id`, `books_id`, `reader_id`, `rating`, `comment`, `date`) VALUES (182,41,19,5,'Очень круто. Аж захватывает дух .Минусов нет. Правда в одной главе начало было скучным, а так все интересно. Но по одной главе о всей книги можно не судить. Не все моменты в книги являются важными. И конец лично мне не был понятным. ','2020-02-03');
INSERT INTO `reviews` (`id`, `books_id`, `reader_id`, `rating`, `comment`, `date`) VALUES (183,41,14,4,'Книга Н. Носова «Незнайка в солнечном городе» мне очень понравились. В ней по сравнению с первой частью появились новые герои – друзья и злодеи, сюжет стал более динамичным и насыщенным событиями. Жаль только, что первая и вторая части не связаны между собой.','2020-09-16');
INSERT INTO `reviews` (`id`, `books_id`, `reader_id`, `rating`, `comment`, `date`) VALUES (184,41,8,5,'','2020-06-13');
INSERT INTO `reviews` (`id`, `books_id`, `reader_id`, `rating`, `comment`, `date`) VALUES (185,41,13,5,'','2021-04-18');
INSERT INTO `reviews` (`id`, `books_id`, `reader_id`, `rating`, `comment`, `date`) VALUES (186,41,32,5,'','2021-12-23');
INSERT INTO `reviews` (`id`, `books_id`, `reader_id`, `rating`, `comment`, `date`) VALUES (187,42,10,5,'Замечательная детская книга с глубоким смыслом. Незнайка с друзьями путешествует, снова приключения. Автор в завуалированной форме рассказывает о капитализме и коммунизме – это для взрослых. А для детей есть интересные герои, путешествие на Луну, экспедиции, знакомство с новыми персонажами. В некоторых моментах повествование немного затянуто, но, в целом, читается с интересом.','2019-12-02');
INSERT INTO `reviews` (`id`, `books_id`, `reader_id`, `rating`, `comment`, `date`) VALUES (188,42,7,5,'Замечательная книга! Удивительно, насколько в ней параллельно сосуществуют наивная незамысловатость детской сказки с беспросветной жестокостью мрачной антиутопии. Рекомендую, даже если читали в детстве – с возрастом воспринимается острее.','2021-02-14');
INSERT INTO `reviews` (`id`, `books_id`, `reader_id`, `rating`, `comment`, `date`) VALUES (189,42,11,5,'Книга на все времена.Сейчас ,особенно взрослым ,стоит её перечитать и задуматься.Привить любовь к чтению можно с помощью,только таких книг.','2021-03-15');
INSERT INTO `reviews` (`id`, `books_id`, `reader_id`, `rating`, `comment`, `date`) VALUES (190,42,16,5,'Отличная серия книг про Незнайку! Оформлены тоже прекрасно, иллюстрации замечательные, и хотя у меня в детстве были совсем другие, синдромом утенка не страдаю-есть разные художники и каждый имеет право на свое видение мира Носова','2021-12-27');
INSERT INTO `reviews` (`id`, `books_id`, `reader_id`, `rating`, `comment`, `date`) VALUES (191,42,8,5,'лучшее из детского, что я читал. Ещё Буратино и Волшебник Изумрудного города (все книги). надо побольше таких книг. Надеюсь, что они будут появляться тут во всё большем количестве.','2021-11-11');
INSERT INTO `reviews` (`id`, `books_id`, `reader_id`, `rating`, `comment`, `date`) VALUES (192,42,9,5,'Великолепный рассказ. Всем к прочтению, лучше взрослым читать вместе с детьми. Для детей приключение, а для взрослых пример коммунизма и капитализма. ','2021-09-15');
INSERT INTO `reviews` (`id`, `books_id`, `reader_id`, `rating`, `comment`, `date`) VALUES (193,42,13,5,'книга потрясающая. читал и в 9 лет, читаю и в 32 года. как четко описан капитализм, и что сейчас мы наблюдаем вокруг себя. только 1 за иллюстрации. Незнайка это исключительно персонаж художника иллюстратора Валька.','2021-09-13');
INSERT INTO `reviews` (`id`, `books_id`, `reader_id`, `rating`, `comment`, `date`) VALUES (194,42,24,5,'','2021-12-12');
INSERT INTO `reviews` (`id`, `books_id`, `reader_id`, `rating`, `comment`, `date`) VALUES (195,42,26,5,'','2021-12-18');
INSERT INTO `reviews` (`id`, `books_id`, `reader_id`, `rating`, `comment`, `date`) VALUES (196,43,13,5,'хороша для детей,с детства её люблю) раньше правда казалось,что она намного больше) советую всем родителям для их детей)оценил на 5 звёзд.......','2020-01-10');
INSERT INTO `reviews` (`id`, `books_id`, `reader_id`, `rating`, `comment`, `date`) VALUES (197,43,36,5,'Замечательная веселая и в тоже время поучительная книга! Все рассказы весёлые и актуальные. Детям шести лет было очень интересно слушать. Многие моменты комментировали и вместе обсуждали. Носов великолепный писатель. Рекомендую книгу, так как она не только развлекает, но и многому учит.','2020-02-25');
INSERT INTO `reviews` (`id`, `books_id`, `reader_id`, `rating`, `comment`, `date`) VALUES (198,44,22,5,'Книга очень понравилась. Идеально подходит для вечернего чтения детям. Моему ребёнку очень понравилась! Спасибо за книгу. Яркое произведение великого русского писателя!','2020-04-18');
INSERT INTO `reviews` (`id`, `books_id`, `reader_id`, `rating`, `comment`, `date`) VALUES (199,44,26,5,'Просто и удобно. Чтение не напрягает и интересно сделаны рисунки! Можно использовать на уроках….. Очень много писать не люблю! Тем более о классике','2021-11-07');
INSERT INTO `reviews` (`id`, `books_id`, `reader_id`, `rating`, `comment`, `date`) VALUES (200,45,21,5,'Отличная книга. Читайте!','2021-12-06');
INSERT INTO `reviews` (`id`, `books_id`, `reader_id`, `rating`, `comment`, `date`) VALUES (201,45,29,4,'Не так, чтобы ВАУ, но книга вполне интересная. Почитать можно.','2021-12-16');
INSERT INTO `reviews` (`id`, `books_id`, `reader_id`, `rating`, `comment`, `date`) VALUES (202,46,31,5,'Уважение и почёт таким писателям, которые выбирают такие темы для книг!','2021-12-01');
INSERT INTO `reviews` (`id`, `books_id`, `reader_id`, `rating`, `comment`, `date`) VALUES (203,46,35,5,'Сперва не хотела читать,потом втянулась и не пожалела,страшная книга,все таки человек мерзком существо и великое тоже.','2021-12-07');
INSERT INTO `reviews` (`id`, `books_id`, `reader_id`, `rating`, `comment`, `date`) VALUES (204,47,10,5,'Интересная книга.Не ожидал,но втянулся и прочитал.Гг распутал старое преступление и не очень рад,поскольку опасается что может попасть под сокращение.Преступнику больше не совершить ни одного преступления.Он обездвижен.','2021-10-13');
INSERT INTO `reviews` (`id`, `books_id`, `reader_id`, `rating`, `comment`, `date`) VALUES (205,47,26,4,'Не очень понравился,намного слабее,чем раннее просчитанные.','2021-10-13');
INSERT INTO `reviews` (`id`, `books_id`, `reader_id`, `rating`, `comment`, `date`) VALUES (206,47,29,5,'прочитала с удовольствием. сюжет интересный','2021-10-18');
INSERT INTO `reviews` (`id`, `books_id`, `reader_id`, `rating`, `comment`, `date`) VALUES (207,47,30,5,'Любая из книг этой серии интересна,легко читается и захватыват.','2021-11-01');
INSERT INTO `reviews` (`id`, `books_id`, `reader_id`, `rating`, `comment`, `date`) VALUES (208,47,7,5,'','2021-01-10');
INSERT INTO `reviews` (`id`, `books_id`, `reader_id`, `rating`, `comment`, `date`) VALUES (209,47,15,4,'','2021-02-12');
INSERT INTO `reviews` (`id`, `books_id`, `reader_id`, `rating`, `comment`, `date`) VALUES (210,47,18,5,'','2021-07-16');
INSERT INTO `reviews` (`id`, `books_id`, `reader_id`, `rating`, `comment`, `date`) VALUES (211,47,22,5,'','2021-11-14');
INSERT INTO `reviews` (`id`, `books_id`, `reader_id`, `rating`, `comment`, `date`) VALUES (212,48,10,5,'Очень интересная книга! Рекомендую! Сюжет, может, показаться банальным, но развязка интригует.','2020-04-26');
INSERT INTO `reviews` (`id`, `books_id`, `reader_id`, `rating`, `comment`, `date`) VALUES (213,48,15,5,'Достаточно оригинальный сюжет и повествование. Книга читается легко и с интересная. Буду продолжать читать триллеры этого автора.','2020-09-21');
INSERT INTO `reviews` (`id`, `books_id`, `reader_id`, `rating`, `comment`, `date`) VALUES (214,48,16,5,'Книга написана хорошо. Увлекательно. Сюжет развивается тонко. Ведёт до конца. Ощущения такие, что ты сам как бы являешься детективом Сьюзен Адлер. Расследуешь несколько версий, сомневаешься, исследуешь, размышляешь, перепроверяешь, чтобы составить полную картину преступления и найти убийцу. В то же время очевидна безответственность в отношении суждений в адрес психического расстройства Рэндалла Брока. Возможное стереотипное мышление полицейских в отношении виновности Брока в ужасных преступлениях можно было уравновесить невменяемостью психически больного, как не несущего ответственность за содеянное. Я сам время от времени претерпеваю душевные расстройства и знаю по опыту как меняется сознание с рая на ад мучений. В этом состоянии очень легко быть использавнным кем-либо, а тем более с примененим душевного и физического насилия, которым неоднократно подвергался Рэндалл Брок. Мне искренне жаль за этот недостаток.','2021-02-15');
INSERT INTO `reviews` (`id`, `books_id`, `reader_id`, `rating`, `comment`, `date`) VALUES (215,48,11,5,'Очень хороший детективный триллер! До последней страницы не отпускает - всё запутано и непросто. Надеюсь, в скором времени на сайте появятся и другие книги Фаррела, почитаю с большим удовольствием!','2021-06-12');
INSERT INTO `reviews` (`id`, `books_id`, `reader_id`, `rating`, `comment`, `date`) VALUES (216,48,26,5,'Все люди носят маски, у некоторых это получается немного лучше, но это делает каждый из нас. Жизнь – это сплошное ухищрение. Никогда нельзя утверждать, что знаешь кого-то в полной мере…','2021-12-03');
INSERT INTO `reviews` (`id`, `books_id`, `reader_id`, `rating`, `comment`, `date`) VALUES (217,48,30,5,'Нервотрепательно, однако! Книга однозначно стоит того, чтобы ее прочли.','2021-12-18');
INSERT INTO `reviews` (`id`, `books_id`, `reader_id`, `rating`, `comment`, `date`) VALUES (218,48,14,5,'','2021-06-01');
INSERT INTO `reviews` (`id`, `books_id`, `reader_id`, `rating`, `comment`, `date`) VALUES (219,48,19,4,'','2021-06-06');
INSERT INTO `reviews` (`id`, `books_id`, `reader_id`, `rating`, `comment`, `date`) VALUES (220,48,20,5,'','2021-09-03');
INSERT INTO `reviews` (`id`, `books_id`, `reader_id`, `rating`, `comment`, `date`) VALUES (221,48,21,5,'','2021-11-11');
INSERT INTO `reviews` (`id`, `books_id`, `reader_id`, `rating`, `comment`, `date`) VALUES (222,49,19,5,'Очень понравилось! Конечно, некоторые моменты не совсем понятны чисто с медицинской точки зрения, но в остальном есть о чём подумать. Хотя и сразу догадалась кто за всем этим стоит!','2020-05-06');
INSERT INTO `reviews` (`id`, `books_id`, `reader_id`, `rating`, `comment`, `date`) VALUES (223,49,23,5,'Очень и очень неплохо... Собственно..это давно известный факт..что миром правят психопаты..но и тем не менее интересно почитать..чисто с медицинской психиатрической точки зрения..','2020-05-26');
INSERT INTO `reviews` (`id`, `books_id`, `reader_id`, `rating`, `comment`, `date`) VALUES (224,49,36,5,'Очень рекомендую! Сюжет необычный и хотя догадка кто главный злодей не самая трудная, книга чрезвычайно интересная.','2020-11-18');
INSERT INTO `reviews` (`id`, `books_id`, `reader_id`, `rating`, `comment`, `date`) VALUES (225,49,32,5,'Напряженненький сюжетец. Иногда сложно сразу вспомнить кто есть кто - многовато временных скачков в повествовании.','2021-04-16');
INSERT INTO `reviews` (`id`, `books_id`, `reader_id`, `rating`, `comment`, `date`) VALUES (226,50,26,5,'В книге затронута очень тяжелая тема: с одной стороны - это ужасы сирийской войны, с другой - война с личными демонами, которые вторглись в жизнь всех членов семьи главной героини, от мала до велика. Эти демоны порождают такие страхи, кошмары, что не представляешь, как с ними бороться (про победу над ними речи даже не идет).  ','2021-01-23');
INSERT INTO `reviews` (`id`, `books_id`, `reader_id`, `rating`, `comment`, `date`) VALUES (227,51,28,3,'Занудно. Читать не тянет. Диагональный метод чтения не дал никакого результата. Кажется, что в этой эпопее всё заранее известно с самого начала. Может быть, просто не моё.','2021-03-12');
INSERT INTO `reviews` (`id`, `books_id`, `reader_id`, `rating`, `comment`, `date`) VALUES (228,56,18,5,'Я, наверное, привыкла к стилю автора и динамике развития сюжета, потому что эта книга мне нравится и не кажется занудной. Тут нет драйва и острого напряжения, но много чувств и эмоций. Как всегда, удачные персонажи, интересное сплетение судеб. Перечитывала несколько раз и, думаю, перечитаю еще.','2017-02-15');
INSERT INTO `reviews` (`id`, `books_id`, `reader_id`, `rating`, `comment`, `date`) VALUES (229,56,21,4,'Маленько занудно, но тем не менее интересно. Автор верен сам себе.','2018-10-24');
INSERT INTO `reviews` (`id`, `books_id`, `reader_id`, `rating`, `comment`, `date`) VALUES (230,56,34,4,'Книга интересная. Не то что бы она стала \"любимой-читаемой до дыр\", но все же... Сюжет не плохой, интересные герои прошлых книг присутствуют даже, это мне больше всего нравится в книгах Устиновой. Свой мир, нет чужих: свой майор следователь, свой серьезный человек олигарх.... ','2019-02-14');
INSERT INTO `reviews` (`id`, `books_id`, `reader_id`, `rating`, `comment`, `date`) VALUES (231,56,26,4,'Не впечетлило, скажу честно. Очень не впечетлило и довело до расстройства. Другие книги Татьяны Устиновой нравятся мне больше.','2020-06-06');
INSERT INTO `reviews` (`id`, `books_id`, `reader_id`, `rating`, `comment`, `date`) VALUES (232,56,19,4,'','2020-02-02');
INSERT INTO `reviews` (`id`, `books_id`, `reader_id`, `rating`, `comment`, `date`) VALUES (233,56,20,5,'','2021-06-06');
INSERT INTO `reviews` (`id`, `books_id`, `reader_id`, `rating`, `comment`, `date`) VALUES (234,56,23,3,'','2021-09-03');
INSERT INTO `reviews` (`id`, `books_id`, `reader_id`, `rating`, `comment`, `date`) VALUES (235,57,36,5,'Замечательная книга , автор как всегда порадовал .','2020-03-30');
INSERT INTO `reviews` (`id`, `books_id`, `reader_id`, `rating`, `comment`, `date`) VALUES (236,57,26,3,'Бессодержательные. По-моему это ошибка в написании','2020-06-08');
INSERT INTO `reviews` (`id`, `books_id`, `reader_id`, `rating`, `comment`, `date`) VALUES (237,59,18,5,'Книга понравилась! До самого финала не могла выдвинуть правильную версию, хотя кое-какие догадки были. Детские травмы, к сожалению, остаются в подсознании навсегда. Кто-то умеет с ними жить и мириться, а кто-то застревает в своей обиде на всю жизнь, и таким людям не позавидуешь. Хуже всего, когда обиженный начинает мстить.','2019-10-25');
INSERT INTO `reviews` (`id`, `books_id`, `reader_id`, `rating`, `comment`, `date`) VALUES (238,59,22,5,'В общем и в целом - ничего. Некоторые моменты конечно откровенно раздражали - в частности, что автор свалила в кучу и проституцию, и секту и буллинг. Но мораль в общем такова - не делай зла, иначе бумеранг может прилететь даже через много лет и стукнуть по голове - да и поделом','2019-12-26');
INSERT INTO `reviews` (`id`, `books_id`, `reader_id`, `rating`, `comment`, `date`) VALUES (239,59,24,3,'Не впечатлило, довольно слабое произведение, хотя детективная линия присутствует, до конца не догадаешься в чем дело. ','2020-05-29');
INSERT INTO `reviews` (`id`, `books_id`, `reader_id`, `rating`, `comment`, `date`) VALUES (240,59,25,4,'Конечно, убийцу нельзя вычислить, ведь такого намудрили - мама не горюй! Как по мне, не совсем правдоподобно. ','2021-11-04');
INSERT INTO `reviews` (`id`, `books_id`, `reader_id`, `rating`, `comment`, `date`) VALUES (241,60,31,5,'Я этой книге ставлю жирный пятёрик. Я ещё не встречала сюжета запутанней и, казалось бы, отчаянней, чем этот. А описания катастрофы были похожи на лучшие фильмы Голливуда. С первых страниц было понятно, что будет очень интересно. Единственное, хорошо, что это книга, а не жизнь. Не хотелось бы понимать, что ты не более, чем воспоминание, ведь человек - это гораздо больше.','2019-10-03');
INSERT INTO `reviews` (`id`, `books_id`, `reader_id`, `rating`, `comment`, `date`) VALUES (242,60,29,5,'Непривычная книга,навеянная современными играми, с их возможностью прожить разные жизни, бегами по лабиринтам и катастрофами. Книга очень занимательна.','2019-11-24');
INSERT INTO `reviews` (`id`, `books_id`, `reader_id`, `rating`, `comment`, `date`) VALUES (243,60,36,5,'Отличная книга. Понравится тем, кто любит запутанные сюжеты типа \"сломай мозг\". Читать всем любителям фентези-детективов-приключенческих фильмов и книг! Однозначно заняла достойное место в моей библиотеке)))','2020-12-06');
INSERT INTO `reviews` (`id`, `books_id`, `reader_id`, `rating`, `comment`, `date`) VALUES (244,60,15,5,'','2020-06-03');
INSERT INTO `reviews` (`id`, `books_id`, `reader_id`, `rating`, `comment`, `date`) VALUES (245,60,16,5,'','2020-11-17');
INSERT INTO `reviews` (`id`, `books_id`, `reader_id`, `rating`, `comment`, `date`) VALUES (246,60,20,5,'','2021-08-19');
INSERT INTO `reviews` (`id`, `books_id`, `reader_id`, `rating`, `comment`, `date`) VALUES (247,61,9,5,'Казалось бы обыкновенное приключенческое произведение,но зацепило.Интересная судьба девочки и старика,который вёз её к родным.Рекомендую.','2021-09-06');
INSERT INTO `reviews` (`id`, `books_id`, `reader_id`, `rating`, `comment`, `date`) VALUES (248,62,12,5,'Прочёл все книги серии.Эта одна из лучших.Автор, держа в уме предыдущее,выплеснул столько фантазии,что остаётся лишь удивляться.Масса битв и поединков,где Гг,одерживает верх,или участвует.Осталось совсем немного времени и страну захватит Вильгельм.','2021-12-06');
INSERT INTO `reviews` (`id`, `books_id`, `reader_id`, `rating`, `comment`, `date`) VALUES (249,63,10,5,'обротный исторический роман... Или условно альтернативно- исторический ... Повествование выбрано от лица может быть и не существовавшего в реале или не существовавего таким, как описано- но это не очень искажает то, что было в реале... В меру реалистичный- в меру увлекательный. Шикарный перевод без дурацких изысков \"под старину\". Первое- объективно, второе- субъективное мнение. Рекомендую.','2020-04-28');
INSERT INTO `reviews` (`id`, `books_id`, `reader_id`, `rating`, `comment`, `date`) VALUES (250,63,21,5,'Произведение заслуживает внимания.Написанное рукой мастера,окунает читателя в то время,когда Англии ещё не было.ГГ вымышленное лицо. Он бьётся за наследие ,принадлежащее ему. И сама эта борьба даётся ему трудно. Нашествие данов,скотты, шотландский король-все враги.Но Утред победил.Кстати фильм,снятый грамотно и красочно очень хорош. Правда он пока не имеет  конца,видно сьёмки продожаются. Рекомендую.','2020-09-21');
INSERT INTO `reviews` (`id`, `books_id`, `reader_id`, `rating`, `comment`, `date`) VALUES (251,63,36,5,'Не ну какой же класс, а? Я просто прониклась к писателю с этой истории. Захватывающе, сильно, написано добротным языком.','2021-06-23');
INSERT INTO `reviews` (`id`, `books_id`, `reader_id`, `rating`, `comment`, `date`) VALUES (252,64,14,5,'Очень интересная книга! Мне понравилась','2016-06-09');
INSERT INTO `reviews` (`id`, `books_id`, `reader_id`, `rating`, `comment`, `date`) VALUES (253,64,16,5,'Книга интересная, но за ней стоит огромная проблема, ведь есть очень много женщин терпящих по тем или иным причинам домашнее насили не только по отношению к себе, но и детям.','2017-09-24');
INSERT INTO `reviews` (`id`, `books_id`, `reader_id`, `rating`, `comment`, `date`) VALUES (254,64,18,5,'Замечательная книга , автор как всегда порадовал .','2018-11-24');
INSERT INTO `reviews` (`id`, `books_id`, `reader_id`, `rating`, `comment`, `date`) VALUES (255,64,20,5,'Как правильно написано, автор через себя поопустила проблему и нас заставила пережить ужас семейного насилия.Страшно! Очень интересная книга! Прочитала и ком в горле.','2019-01-24');
INSERT INTO `reviews` (`id`, `books_id`, `reader_id`, `rating`, `comment`, `date`) VALUES (256,64,22,5,'Несомненно, насилие в семье - это страшно, хотя для  общества, к сожалению, эта тема  актуальна. Но в романе все показано несколько нарочито и похоже на социальный заказ. А любой заказ провоцирует надуманность. Как, к примеру, коллективная вылазка на охоту, закончившаяся трагедией. Разве решение Киры поехать, когда жених чуть ли не в коме, не притянуто за уши? Но тогда бы нарушилась кульминация повествования. Да, и очень много слов. Впрочем, дочитала до конца. ХЭ. Но осадок остался.','2019-10-23');
INSERT INTO `reviews` (`id`, `books_id`, `reader_id`, `rating`, `comment`, `date`) VALUES (257,65,15,5,'Мне понравилось, как и другие книги Трониной.','2013-01-28');
INSERT INTO `reviews` (`id`, `books_id`, `reader_id`, `rating`, `comment`, `date`) VALUES (258,65,17,5,'прелестно, жизненно и захватывающе!!!! ни капли не жаль потраченного времени','2014-04-21');
INSERT INTO `reviews` (`id`, `books_id`, `reader_id`, `rating`, `comment`, `date`) VALUES (259,65,19,5,'Нормик книга.Главная героиня интересная личность.Советую прочесть.','2015-06-08');
INSERT INTO `reviews` (`id`, `books_id`, `reader_id`, `rating`, `comment`, `date`) VALUES (260,65,21,5,'Потрясающе написано. Читала перед сном, настолько пробрало что плакала в подушку. А с утра первым делом бросилась дочитывать. И жизнь может начинаться в любом возрасте, каждый раз новая и яркая.','2015-06-25');
INSERT INTO `reviews` (`id`, `books_id`, `reader_id`, `rating`, `comment`, `date`) VALUES (261,65,23,4,'Нормально, но не сравнится с другими книгами этого Автора. Всем добра :3','2017-06-21');
INSERT INTO `reviews` (`id`, `books_id`, `reader_id`, `rating`, `comment`, `date`) VALUES (262,65,25,5,'Читая книгу, ясно представляешь себе персонажей, их характеры. Взаимоотношения, чувства, переживания очень достоверны, жизненны. Не жить прошлым, всё обдумать, проанализировать, сделать выводы, отпустить и \"идти дальше\". Найти настоящую любовь и родного человека. Душевная кига, без пошлости.','2019-10-28');
INSERT INTO `reviews` (`id`, `books_id`, `reader_id`, `rating`, `comment`, `date`) VALUES (263,66,19,5,'Это просто невероятное произведение... По временам выла в голос, а сейчас на губах намек на улыбку, из-за этого конца... Кто-то скажет: \"обычная история, таких тысячи по тв крутят\" , а меня она за живое задела.','2014-01-06');
INSERT INTO `reviews` (`id`, `books_id`, `reader_id`, `rating`, `comment`, `date`) VALUES (264,66,20,5,'Роман очень понравился! Согласна что напоминает Таежный роман, даже герои похожи. Ставлю пять из пяти.','2015-06-21');
INSERT INTO `reviews` (`id`, `books_id`, `reader_id`, `rating`, `comment`, `date`) VALUES (265,66,21,5,'Отличный роман. Получила огромное удовольствие от прочтения.','2019-06-21');
INSERT INTO `reviews` (`id`, `books_id`, `reader_id`, `rating`, `comment`, `date`) VALUES (266,66,22,5,'Потресающая книга! Очень интересная. она меня чем то даже задела!','2019-09-30');
INSERT INTO `reviews` (`id`, `books_id`, `reader_id`, `rating`, `comment`, `date`) VALUES (267,67,19,5,'очень понравилась именно эта книга Татьяны трониной! Прочитать советую всем. Здесь есть всё - и любовь, и интриги, и детективная нить','2013-04-12');
INSERT INTO `reviews` (`id`, `books_id`, `reader_id`, `rating`, `comment`, `date`) VALUES (268,67,36,5,'Очень интересая книга!!!','2015-06-24');
INSERT INTO `reviews` (`id`, `books_id`, `reader_id`, `rating`, `comment`, `date`) VALUES (269,67,20,5,'Ооо не смогла оторваться от книги до 3х ночи, сюжет закрученный, хотя я не верю что любовь выдерживает 20 лет. Было ещё совсем хорошо еслт бы с мамой помирились.','2019-10-24');
INSERT INTO `reviews` (`id`, `books_id`, `reader_id`, `rating`, `comment`, `date`) VALUES (270,67,35,4,'Читала с интересом. Правда, кое что коробило... Кое что разочаровало…','2019-12-01');
INSERT INTO `reviews` (`id`, `books_id`, `reader_id`, `rating`, `comment`, `date`) VALUES (271,70,33,5,'Было безумно приятно читать эту историю.  Здесь абсолютно адекватные главные герои. Кинг не бабник-спортсмен, а серьёзный мужчина, который готов постоять за свою девушку. Отношения показанны без токсичности и глупых сор. Всем советую','2021-06-12');
INSERT INTO `reviews` (`id`, `books_id`, `reader_id`, `rating`, `comment`, `date`) VALUES (272,70,32,5,'История невероятно интересная,  люблю этого  автора,  жду новые романы от Гелены.','2021-09-25');
INSERT INTO `reviews` (`id`, `books_id`, `reader_id`, `rating`, `comment`, `date`) VALUES (273,70,31,4,'Классная история. Но меня не зацепила, читала три дня.','2021-11-12');
INSERT INTO `reviews` (`id`, `books_id`, `reader_id`, `rating`, `comment`, `date`) VALUES (274,70,18,5,'','2021-06-12');
INSERT INTO `reviews` (`id`, `books_id`, `reader_id`, `rating`, `comment`, `date`) VALUES (275,70,15,5,'','2021-11-25');
INSERT INTO `reviews` (`id`, `books_id`, `reader_id`, `rating`, `comment`, `date`) VALUES (276,70,22,5,'','2021-12-24');
UNLOCK TABLES;
